Usia,Jenis_kelamin,Penghasilan,Pendidikan_Terakhir,Status,Status_Pekerjaan,Jumlah_pinjaman,Jenis_pinjaman,Kunjungan_Website,Hasil
56,Laki_Laki,4722400,S1,Cerai,Bekerja,18956978,Kendaraan,10,Disetujui
46,Perempuan,5940578,S2,Jomblo,Bekerja,8338081,Konsumtif,5,Ditolak
32,Perempuan,4275993,SMA,Cerai,Siswa,25031800,Modal_Usaha,3,Disetujui
60,Perempuan,3900597,S2,Jomblo,Bekerja,45346842,Modal_Usaha,4,Ditolak
25,Laki_Laki,5220007,SMA,Cerai,Bekerja,56250184,KPR,3,Ditolak
38,Laki_Laki,4748972,S3,Jomblo,Tidak_Bekerja,37382449,Modal_Usaha,8,Ditolak
56,Laki_Laki,4489383,S3,Cerai,Tidak_Bekerja,5734435,Konsumtif,4,Disetujui
36,Laki_Laki,5354178,SMA,Jomblo,Siswa,52217769,KPR,3,Disetujui
40,Laki_Laki,5121900,SMA,Jomblo,Bekerja,21960855,Kendaraan,3,Ditolak
28,Laki_Laki,4717960,SMA,Cerai,Siswa,4677176,Kendaraan,4,Ditolak
28,Laki_Laki,4359847,S3,Menikah,Tidak_Bekerja,36384863,Konsumtif,4,Disetujui
41,Laki_Laki,5436228,S1,Cerai,Siswa,44588336,Konsumtif,7,Disetujui
53,Perempuan,5325100,S2,Menikah,Tidak_Bekerja,20815456,KPR,6,Ditolak
57,Perempuan,4950412,S2,Jomblo,Siswa,34189591,KPR,7,Disetujui
41,Laki_Laki,5923318,S3,Cerai,Siswa,45696731,Konsumtif,3,Disetujui
20,Laki_Laki,4464957,S2,Cerai,Bekerja,38012106,Konsumtif,5,Disetujui
39,Perempuan,4237237,SMA,Cerai,Siswa,3385415,Kendaraan,5,Disetujui
19,Laki_Laki,4654045,S1,Menikah,Bekerja,2061558,Kendaraan,4,Disetujui
41,Laki_Laki,4977206,S2,Menikah,Bekerja,58551439,Kendaraan,5,Disetujui
61,Laki_Laki,5121669,S1,Jomblo,Bekerja,2168614,Konsumtif,2,Ditolak
47,Perempuan,4879381,SMA,Menikah,Bekerja,2060719,Modal_Usaha,6,Ditolak
55,Perempuan,5176027,S2,Menikah,Siswa,30892350,Konsumtif,2,Ditolak
19,Perempuan,4374230,S3,Jomblo,Tidak_Bekerja,9211930,Konsumtif,3,Ditolak
38,Perempuan,5721882,S1,Cerai,Tidak_Bekerja,14518863,Kendaraan,3,Ditolak
50,Perempuan,4958924,SMA,Cerai,Tidak_Bekerja,12956670,Konsumtif,5,Ditolak
29,Laki_Laki,5558647,S1,Jomblo,Siswa,10188535,KPR,0,Disetujui
39,Perempuan,5171362,S2,Cerai,Bekerja,63025291,Konsumtif,9,Disetujui
61,Laki_Laki,5228376,S2,Menikah,Tidak_Bekerja,35306907,Konsumtif,4,Ditolak
42,Laki_Laki,5284883,S3,Jomblo,Siswa,6669433,Konsumtif,2,Ditolak
44,Perempuan,5223854,SMA,Jomblo,Bekerja,13637640,Konsumtif,5,Ditolak
59,Perempuan,5321361,SMA,Jomblo,Tidak_Bekerja,2997016,Modal_Usaha,3,Disetujui
45,Laki_Laki,5664576,S3,Cerai,Bekerja,8776165,Konsumtif,2,Disetujui
33,Laki_Laki,5098260,S3,Jomblo,Tidak_Bekerja,2273498,KPR,5,Disetujui
32,Laki_Laki,5354501,SMA,Jomblo,Tidak_Bekerja,9444861,KPR,5,Disetujui
64,Perempuan,4955132,S1,Jomblo,Tidak_Bekerja,23024266,Konsumtif,3,Ditolak
61,Perempuan,5720058,S1,Cerai,Bekerja,22814011,Kendaraan,4,Ditolak
20,Perempuan,4661803,S3,Menikah,Siswa,10668752,Modal_Usaha,2,Ditolak
54,Perempuan,5900470,S1,Jomblo,Bekerja,37452842,Konsumtif,9,Ditolak
24,Perempuan,4979921,SMA,Menikah,Tidak_Bekerja,14713260,Konsumtif,13,Disetujui
38,Laki_Laki,4284612,S2,Cerai,Bekerja,46966418,Konsumtif,4,Disetujui
26,Perempuan,5064052,S2,Cerai,Siswa,52986172,Kendaraan,3,Ditolak
56,Laki_Laki,4659474,S1,Cerai,Bekerja,33281801,Kendaraan,9,Disetujui
35,Laki_Laki,5420321,S3,Cerai,Siswa,15770826,Kendaraan,2,Disetujui
21,Laki_Laki,4673688,S3,Menikah,Siswa,34406441,Modal_Usaha,4,Disetujui
42,Perempuan,4776908,S3,Jomblo,Bekerja,39946772,KPR,7,Disetujui
31,Perempuan,4055229,S3,Cerai,Tidak_Bekerja,52605308,Modal_Usaha,3,Ditolak
26,Perempuan,4773846,S3,Cerai,Siswa,316465,Kendaraan,4,Disetujui
43,Laki_Laki,3788060,S1,Menikah,Bekerja,27250991,KPR,7,Ditolak
19,Laki_Laki,4208048,S2,Menikah,Siswa,6508280,KPR,3,Disetujui
37,Laki_Laki,5380207,S2,Cerai,Tidak_Bekerja,31771685,Kendaraan,8,Disetujui
45,Laki_Laki,5392900,S1,Jomblo,Bekerja,41666338,Kendaraan,6,Ditolak
64,Laki_Laki,5212728,S3,Jomblo,Bekerja,92521690,Modal_Usaha,6,Ditolak
24,Laki_Laki,4516511,S1,Cerai,Bekerja,5450248,Kendaraan,8,Disetujui
61,Perempuan,4976144,S2,Menikah,Tidak_Bekerja,329243,KPR,3,Disetujui
25,Perempuan,4998198,SMA,Cerai,Siswa,69472986,Konsumtif,6,Ditolak
64,Perempuan,4420817,S1,Cerai,Bekerja,50545087,Kendaraan,5,Disetujui
52,Perempuan,5751699,S3,Menikah,Siswa,37352959,Kendaraan,8,Disetujui
31,Laki_Laki,5438681,S2,Cerai,Siswa,42001515,Modal_Usaha,10,Ditolak
34,Laki_Laki,4889517,S2,Cerai,Tidak_Bekerja,51946563,Modal_Usaha,2,Disetujui
53,Perempuan,5013442,S2,Cerai,Bekerja,48476938,Kendaraan,4,Disetujui
57,Laki_Laki,5104191,S2,Menikah,Siswa,29355073,KPR,6,Disetujui
21,Perempuan,3979132,S3,Jomblo,Bekerja,32349742,KPR,4,Disetujui
19,Perempuan,4876411,SMA,Jomblo,Bekerja,17700018,Konsumtif,6,Disetujui
23,Perempuan,4659007,S2,Menikah,Tidak_Bekerja,24977800,Kendaraan,4,Ditolak
59,Laki_Laki,4499189,S1,Jomblo,Bekerja,14766313,Modal_Usaha,7,Disetujui
21,Perempuan,4859449,SMA,Cerai,Bekerja,1018091,KPR,5,Ditolak
46,Perempuan,5898843,S2,Jomblo,Siswa,39105904,Konsumtif,1,Ditolak
35,Perempuan,5320421,SMA,Cerai,Tidak_Bekerja,26148068,Kendaraan,4,Disetujui
43,Laki_Laki,4714410,S1,Jomblo,Bekerja,44426176,KPR,12,Ditolak
61,Laki_Laki,5286291,S2,Menikah,Siswa,11855646,Kendaraan,10,Disetujui
51,Perempuan,5699677,S1,Jomblo,Tidak_Bekerja,63446100,Kendaraan,4,Ditolak
27,Laki_Laki,5462316,S3,Jomblo,Tidak_Bekerja,20159180,KPR,3,Ditolak
53,Laki_Laki,5029815,S2,Jomblo,Siswa,547162,KPR,6,Ditolak
31,Laki_Laki,4676531,S2,Menikah,Siswa,11757614,KPR,6,Disetujui
48,Laki_Laki,5349111,S2,Jomblo,Siswa,11569556,Kendaraan,5,Ditolak
32,Laki_Laki,5196742,S2,Menikah,Siswa,24724855,Kendaraan,2,Ditolak
25,Laki_Laki,5447596,S3,Cerai,Siswa,28570472,Konsumtif,9,Ditolak
31,Laki_Laki,5317585,S2,Jomblo,Bekerja,8880627,Modal_Usaha,6,Disetujui
40,Laki_Laki,5524776,SMA,Menikah,Bekerja,14143951,Kendaraan,4,Disetujui
57,Laki_Laki,4732382,S2,Menikah,Tidak_Bekerja,5832146,Modal_Usaha,6,Ditolak
38,Laki_Laki,5658697,S3,Jomblo,Bekerja,22121758,KPR,8,Ditolak
33,Perempuan,5098799,S2,Cerai,Bekerja,30391097,Kendaraan,2,Ditolak
62,Perempuan,6037630,SMA,Menikah,Bekerja,206383,Konsumtif,2,Ditolak
35,Laki_Laki,4655406,S3,Jomblo,Siswa,12595523,Konsumtif,6,Disetujui
64,Perempuan,5867981,S3,Cerai,Tidak_Bekerja,297072,Modal_Usaha,6,Disetujui
41,Perempuan,5098955,SMA,Menikah,Tidak_Bekerja,53411063,KPR,4,Disetujui
43,Laki_Laki,4674290,SMA,Menikah,Tidak_Bekerja,53993671,Modal_Usaha,9,Ditolak
42,Laki_Laki,4758057,SMA,Cerai,Tidak_Bekerja,48112493,KPR,3,Disetujui
62,Laki_Laki,4839826,SMA,Cerai,Bekerja,3867718,Konsumtif,5,Ditolak
58,Perempuan,5212082,SMA,Jomblo,Bekerja,37228548,Modal_Usaha,8,Ditolak
46,Perempuan,5261417,S3,Jomblo,Siswa,13370863,Konsumtif,5,Ditolak
32,Laki_Laki,4713149,S3,Menikah,Tidak_Bekerja,11367691,Konsumtif,5,Disetujui
62,Laki_Laki,4987822,S2,Cerai,Bekerja,7679159,KPR,7,Ditolak
18,Laki_Laki,6071135,S2,Cerai,Bekerja,62752535,Modal_Usaha,4,Disetujui
42,Perempuan,5863771,S1,Cerai,Siswa,50975158,Modal_Usaha,6,Ditolak
24,Perempuan,5218161,S2,Menikah,Siswa,32346892,Konsumtif,5,Disetujui
26,Perempuan,5019001,S2,Cerai,Siswa,4890971,Konsumtif,6,Ditolak
41,Perempuan,5060015,SMA,Cerai,Bekerja,11186822,KPR,5,Disetujui
18,Laki_Laki,5306758,SMA,Menikah,Bekerja,25916998,Kendaraan,5,Ditolak
61,Laki_Laki,4488603,S2,Jomblo,Siswa,5648267,Kendaraan,4,Disetujui
25,Laki_Laki,4871311,S1,Jomblo,Tidak_Bekerja,38149471,Konsumtif,4,Ditolak
41,Laki_Laki,4165707,SMA,Menikah,Siswa,17637353,Kendaraan,5,Ditolak
28,Perempuan,5199611,S2,Cerai,Siswa,21755310,Kendaraan,3,Ditolak
34,Perempuan,5323597,S2,Menikah,Siswa,58691466,Kendaraan,5,Disetujui
25,Laki_Laki,4758406,S3,Jomblo,Siswa,6518555,Kendaraan,7,Ditolak
52,Laki_Laki,5786993,S1,Jomblo,Bekerja,72330313,Konsumtif,3,Ditolak
52,Perempuan,4387117,S3,Menikah,Tidak_Bekerja,41085744,Kendaraan,0,Ditolak
50,Laki_Laki,4267812,S1,Menikah,Siswa,56064053,Kendaraan,5,Disetujui
22,Perempuan,5112225,SMA,Jomblo,Tidak_Bekerja,10019230,KPR,4,Ditolak
59,Laki_Laki,5523549,S1,Menikah,Tidak_Bekerja,13113185,Konsumtif,1,Ditolak
56,Laki_Laki,5841963,S2,Jomblo,Tidak_Bekerja,48459767,Modal_Usaha,5,Disetujui
58,Laki_Laki,4770557,S2,Menikah,Siswa,28992848,Modal_Usaha,5,Ditolak
45,Laki_Laki,5539340,S1,Menikah,Bekerja,25256976,KPR,3,Disetujui
24,Laki_Laki,4980745,S1,Menikah,Siswa,58917459,KPR,1,Ditolak
26,Laki_Laki,4913686,S1,Jomblo,Tidak_Bekerja,21213648,Konsumtif,5,Disetujui
25,Laki_Laki,5441829,S3,Menikah,Tidak_Bekerja,4472858,Modal_Usaha,11,Disetujui
29,Perempuan,5326161,S1,Jomblo,Bekerja,42622566,Kendaraan,5,Disetujui
51,Perempuan,4211803,SMA,Jomblo,Siswa,22853181,KPR,5,Ditolak
50,Perempuan,5738270,S3,Menikah,Tidak_Bekerja,42225561,Modal_Usaha,7,Ditolak
40,Perempuan,5690045,S3,Menikah,Bekerja,17520477,Konsumtif,4,Disetujui
41,Perempuan,4687218,S1,Jomblo,Tidak_Bekerja,32065727,Kendaraan,1,Ditolak
54,Laki_Laki,5197901,SMA,Jomblo,Bekerja,59754551,Konsumtif,5,Ditolak
52,Laki_Laki,5247015,S3,Cerai,Bekerja,4661854,KPR,7,Disetujui
61,Perempuan,5130336,S2,Jomblo,Siswa,25595903,Modal_Usaha,3,Disetujui
57,Laki_Laki,4724847,S3,Cerai,Tidak_Bekerja,32299363,Modal_Usaha,3,Disetujui
39,Perempuan,4664188,S1,Cerai,Siswa,26644851,Modal_Usaha,9,Disetujui
44,Perempuan,4987222,SMA,Cerai,Tidak_Bekerja,8493570,Modal_Usaha,1,Ditolak
52,Laki_Laki,5586364,S1,Menikah,Siswa,20109836,Kendaraan,6,Ditolak
18,Laki_Laki,5271800,S2,Menikah,Tidak_Bekerja,6101693,Kendaraan,6,Ditolak
52,Laki_Laki,4814692,S2,Jomblo,Siswa,31483320,Konsumtif,5,Ditolak
54,Perempuan,5385849,S2,Cerai,Bekerja,7855901,Kendaraan,4,Ditolak
64,Laki_Laki,3575728,S1,Menikah,Tidak_Bekerja,8945403,KPR,7,Ditolak
31,Perempuan,5574382,S3,Menikah,Tidak_Bekerja,21273848,KPR,7,Disetujui
20,Perempuan,4130143,S1,Menikah,Bekerja,46792664,Modal_Usaha,6,Ditolak
18,Perempuan,4818779,SMA,Menikah,Siswa,6353299,KPR,5,Ditolak
22,Laki_Laki,4440165,S3,Menikah,Tidak_Bekerja,55689416,Konsumtif,3,Ditolak
43,Laki_Laki,4352659,S2,Cerai,Tidak_Bekerja,11827872,Kendaraan,5,Disetujui
31,Perempuan,5580413,S1,Cerai,Siswa,32209987,Kendaraan,3,Disetujui
56,Laki_Laki,4766149,S2,Cerai,Bekerja,4869197,Kendaraan,1,Ditolak
44,Laki_Laki,5173251,S2,Cerai,Siswa,21883304,KPR,2,Disetujui
26,Laki_Laki,4976539,SMA,Jomblo,Siswa,27680481,Kendaraan,6,Disetujui
32,Perempuan,5238520,S3,Cerai,Siswa,2159116,Modal_Usaha,4,Ditolak
32,Perempuan,5038410,SMA,Menikah,Tidak_Bekerja,14896307,Modal_Usaha,9,Ditolak
43,Laki_Laki,4358503,SMA,Cerai,Bekerja,1080593,Modal_Usaha,4,Ditolak
59,Perempuan,5498133,SMA,Jomblo,Bekerja,6660269,KPR,6,Disetujui
30,Laki_Laki,4753121,S2,Menikah,Siswa,19208660,Kendaraan,8,Disetujui
49,Laki_Laki,4221709,SMA,Cerai,Tidak_Bekerja,35086688,KPR,5,Ditolak
56,Laki_Laki,4785942,SMA,Cerai,Siswa,4805406,Kendaraan,3,Disetujui
49,Laki_Laki,5750379,S3,Cerai,Tidak_Bekerja,559273,Konsumtif,4,Disetujui
21,Perempuan,5425110,S3,Menikah,Tidak_Bekerja,4053583,Konsumtif,3,Disetujui
47,Perempuan,4825673,SMA,Menikah,Tidak_Bekerja,10365853,KPR,6,Ditolak
54,Perempuan,4825371,S3,Jomblo,Tidak_Bekerja,659457,Modal_Usaha,6,Ditolak
40,Laki_Laki,4839182,S3,Menikah,Bekerja,16168894,KPR,9,Ditolak
56,Laki_Laki,6038373,SMA,Menikah,Tidak_Bekerja,21024109,Modal_Usaha,5,Ditolak
62,Laki_Laki,5190967,S2,Cerai,Tidak_Bekerja,16680559,Kendaraan,5,Ditolak
32,Perempuan,5215020,SMA,Menikah,Siswa,51348522,Modal_Usaha,3,Disetujui
60,Laki_Laki,5515141,S3,Cerai,Siswa,882695,Modal_Usaha,8,Disetujui
46,Perempuan,5119394,S2,Cerai,Bekerja,6546824,Kendaraan,6,Disetujui
53,Perempuan,4870478,S1,Menikah,Siswa,30316148,Konsumtif,5,Disetujui
30,Perempuan,4901825,S2,Jomblo,Tidak_Bekerja,35520329,Kendaraan,1,Disetujui
49,Perempuan,4964199,S3,Jomblo,Siswa,21677774,KPR,3,Disetujui
24,Perempuan,4981388,S2,Menikah,Bekerja,9541220,KPR,2,Ditolak
39,Perempuan,5363814,SMA,Jomblo,Siswa,41245552,KPR,7,Ditolak
45,Laki_Laki,5025972,S1,Cerai,Siswa,34545184,KPR,2,Disetujui
19,Laki_Laki,5366320,S1,Cerai,Bekerja,45305687,KPR,2,Ditolak
59,Perempuan,4959641,S1,Menikah,Bekerja,24535610,Konsumtif,8,Disetujui
62,Perempuan,5039317,S3,Jomblo,Tidak_Bekerja,36034403,Konsumtif,3,Disetujui
23,Laki_Laki,4000899,S3,Jomblo,Siswa,35162864,Modal_Usaha,6,Ditolak
45,Perempuan,5458163,S1,Cerai,Tidak_Bekerja,14820469,KPR,6,Ditolak
45,Perempuan,5173244,S2,Menikah,Siswa,25129156,Kendaraan,2,Disetujui
61,Laki_Laki,5499005,S1,Jomblo,Siswa,1503831,KPR,5,Ditolak
61,Perempuan,3551872,S2,Menikah,Tidak_Bekerja,2101030,Konsumtif,2,Disetujui
37,Perempuan,6044187,S2,Jomblo,Siswa,5151459,KPR,2,Disetujui
47,Perempuan,4930205,S3,Cerai,Siswa,48210227,Konsumtif,5,Disetujui
28,Laki_Laki,5554091,S2,Cerai,Siswa,70354779,Modal_Usaha,4,Disetujui
45,Laki_Laki,4480047,S1,Menikah,Bekerja,31074096,Modal_Usaha,3,Disetujui
42,Laki_Laki,5306386,S3,Cerai,Tidak_Bekerja,10664971,Modal_Usaha,5,Ditolak
56,Perempuan,4473292,SMA,Jomblo,Bekerja,14282450,Konsumtif,8,Disetujui
50,Perempuan,4688115,SMA,Cerai,Tidak_Bekerja,1661494,KPR,7,Ditolak
18,Laki_Laki,5957015,S3,Menikah,Tidak_Bekerja,21981962,KPR,5,Disetujui
44,Perempuan,4904658,S1,Menikah,Siswa,37479560,Kendaraan,6,Ditolak
30,Perempuan,5108716,SMA,Menikah,Tidak_Bekerja,32480978,Konsumtif,3,Disetujui
58,Perempuan,5435033,SMA,Jomblo,Bekerja,28292007,Kendaraan,5,Ditolak
20,Perempuan,5247840,S2,Jomblo,Bekerja,59772865,Modal_Usaha,8,Disetujui
56,Perempuan,5075209,S2,Jomblo,Bekerja,37668418,KPR,5,Disetujui
23,Laki_Laki,5182480,S1,Jomblo,Tidak_Bekerja,54403263,Konsumtif,6,Ditolak
25,Perempuan,6201707,S3,Jomblo,Bekerja,2389749,Kendaraan,5,Ditolak
44,Laki_Laki,4971190,S1,Cerai,Tidak_Bekerja,33553756,Kendaraan,5,Ditolak
26,Perempuan,5100549,S3,Jomblo,Bekerja,20889986,Kendaraan,7,Ditolak
54,Laki_Laki,5525327,SMA,Jomblo,Bekerja,17254891,KPR,5,Ditolak
50,Perempuan,5552762,S2,Cerai,Tidak_Bekerja,29863518,KPR,4,Ditolak
59,Laki_Laki,5593515,S1,Jomblo,Bekerja,47861900,KPR,7,Disetujui
61,Perempuan,5319365,S1,Menikah,Siswa,39683262,Konsumtif,6,Disetujui
41,Laki_Laki,4428497,S3,Jomblo,Tidak_Bekerja,47798905,KPR,9,Disetujui
32,Perempuan,5816715,S3,Jomblo,Tidak_Bekerja,15333545,Konsumtif,4,Ditolak
49,Laki_Laki,4426827,S1,Menikah,Tidak_Bekerja,14252831,Kendaraan,1,Ditolak
49,Perempuan,5151317,S3,Menikah,Siswa,15009084,Kendaraan,8,Ditolak
41,Laki_Laki,4622862,S1,Menikah,Tidak_Bekerja,30233482,Modal_Usaha,5,Disetujui
58,Laki_Laki,4967930,S1,Menikah,Bekerja,20429957,KPR,6,Ditolak
29,Perempuan,5164381,S1,Jomblo,Bekerja,17645161,Kendaraan,5,Disetujui
56,Perempuan,5160678,SMA,Menikah,Bekerja,1744398,KPR,6,Ditolak
19,Laki_Laki,5210960,S3,Menikah,Tidak_Bekerja,5219937,Konsumtif,8,Ditolak
20,Perempuan,5806855,S2,Cerai,Bekerja,1784065,Kendaraan,2,Ditolak
54,Laki_Laki,5226767,S2,Menikah,Tidak_Bekerja,30887342,KPR,4,Disetujui
34,Laki_Laki,4877921,S3,Menikah,Bekerja,30970609,Kendaraan,1,Ditolak
19,Laki_Laki,5482043,S1,Cerai,Siswa,2694686,Kendaraan,6,Disetujui
19,Perempuan,5594735,S2,Cerai,Siswa,10460943,KPR,8,Ditolak
45,Laki_Laki,4386196,S2,Jomblo,Siswa,7347997,Kendaraan,7,Ditolak
40,Laki_Laki,5298700,S3,Cerai,Siswa,24258144,Kendaraan,6,Ditolak
54,Perempuan,5350586,S2,Jomblo,Tidak_Bekerja,15960885,Kendaraan,4,Ditolak
49,Perempuan,4851218,S1,Cerai,Bekerja,46383531,Kendaraan,3,Disetujui
50,Perempuan,5687853,S3,Cerai,Siswa,24417961,Konsumtif,6,Ditolak
18,Perempuan,4924972,S1,Jomblo,Tidak_Bekerja,3919467,Kendaraan,6,Disetujui
36,Laki_Laki,5062788,S2,Cerai,Siswa,12191504,Modal_Usaha,3,Ditolak
19,Laki_Laki,4913464,S2,Jomblo,Siswa,35978580,Kendaraan,1,Ditolak
61,Laki_Laki,5007789,S1,Cerai,Tidak_Bekerja,1522717,KPR,8,Ditolak
43,Laki_Laki,4451862,SMA,Menikah,Tidak_Bekerja,4848473,Modal_Usaha,2,Disetujui
49,Perempuan,4279974,S2,Cerai,Bekerja,4840851,Konsumtif,5,Ditolak
23,Laki_Laki,5797252,SMA,Jomblo,Bekerja,2048231,Modal_Usaha,4,Disetujui
49,Laki_Laki,4576519,S2,Cerai,Siswa,5363830,Modal_Usaha,6,Disetujui
21,Perempuan,4504303,SMA,Jomblo,Siswa,67786226,Modal_Usaha,4,Ditolak
28,Laki_Laki,3923304,SMA,Jomblo,Bekerja,21434661,KPR,5,Disetujui
34,Laki_Laki,4680519,SMA,Menikah,Bekerja,14435126,KPR,5,Ditolak
55,Laki_Laki,4338455,S1,Menikah,Tidak_Bekerja,51529732,KPR,6,Disetujui
41,Laki_Laki,5821007,SMA,Jomblo,Bekerja,1244131,Konsumtif,3,Disetujui
22,Laki_Laki,5504908,SMA,Cerai,Bekerja,3518638,KPR,5,Disetujui
51,Laki_Laki,4655924,SMA,Jomblo,Siswa,41045915,KPR,5,Disetujui
23,Perempuan,6126217,S2,Jomblo,Bekerja,32605868,Modal_Usaha,4,Ditolak
39,Perempuan,5490882,SMA,Cerai,Siswa,34643632,KPR,4,Disetujui
28,Laki_Laki,4837584,S2,Cerai,Bekerja,11368492,Kendaraan,4,Ditolak
33,Laki_Laki,3750297,SMA,Cerai,Tidak_Bekerja,23944063,KPR,4,Disetujui
50,Perempuan,6145471,SMA,Cerai,Bekerja,23380928,Konsumtif,6,Ditolak
26,Laki_Laki,4305213,S1,Jomblo,Bekerja,8839477,Konsumtif,6,Ditolak
23,Laki_Laki,4177300,S2,Jomblo,Bekerja,41535513,Kendaraan,6,Disetujui
33,Laki_Laki,5511285,SMA,Menikah,Siswa,6504131,Konsumtif,7,Disetujui
46,Perempuan,6219876,S2,Jomblo,Tidak_Bekerja,22265470,Konsumtif,5,Ditolak
20,Laki_Laki,5692136,S2,Cerai,Bekerja,47131734,Modal_Usaha,8,Disetujui
37,Perempuan,5281954,S3,Menikah,Siswa,51367050,Kendaraan,4,Disetujui
53,Laki_Laki,5297377,S1,Cerai,Tidak_Bekerja,1986209,Modal_Usaha,5,Disetujui
36,Perempuan,5426707,S1,Jomblo,Siswa,23894058,Modal_Usaha,1,Disetujui
43,Perempuan,5379464,S1,Menikah,Siswa,784663,KPR,7,Disetujui
20,Laki_Laki,5140595,S3,Cerai,Tidak_Bekerja,85113886,Kendaraan,5,Disetujui
36,Perempuan,5052100,S3,Menikah,Bekerja,33403780,KPR,9,Disetujui
37,Laki_Laki,4968703,S1,Menikah,Siswa,12521753,KPR,5,Disetujui
49,Perempuan,4623017,S3,Jomblo,Siswa,19376865,Modal_Usaha,8,Disetujui
24,Laki_Laki,4859662,S3,Cerai,Bekerja,22213162,Konsumtif,9,Ditolak
58,Laki_Laki,4153521,S3,Menikah,Bekerja,23102306,Kendaraan,5,Disetujui
50,Perempuan,4950830,S1,Menikah,Tidak_Bekerja,2800053,Konsumtif,9,Disetujui
57,Laki_Laki,4505704,S1,Cerai,Tidak_Bekerja,1829818,Modal_Usaha,5,Disetujui
56,Laki_Laki,4448205,S1,Menikah,Tidak_Bekerja,5444399,Modal_Usaha,6,Disetujui
35,Perempuan,5089947,S3,Menikah,Bekerja,24190751,Modal_Usaha,3,Disetujui
57,Laki_Laki,5696001,S1,Menikah,Siswa,31548232,Modal_Usaha,5,Ditolak
18,Laki_Laki,5459158,S3,Cerai,Siswa,14051151,Modal_Usaha,5,Ditolak
28,Perempuan,4214749,SMA,Cerai,Tidak_Bekerja,21798502,Modal_Usaha,8,Disetujui
45,Perempuan,4505185,S3,Cerai,Bekerja,9569366,Konsumtif,7,Ditolak
42,Laki_Laki,5470385,S2,Cerai,Siswa,6096321,KPR,8,Disetujui
40,Laki_Laki,4508756,S1,Jomblo,Tidak_Bekerja,17489034,Konsumtif,12,Disetujui
48,Perempuan,4887683,S1,Menikah,Siswa,7046161,Kendaraan,2,Ditolak
47,Perempuan,5275026,S2,Cerai,Siswa,1776276,Konsumtif,6,Ditolak
59,Laki_Laki,4515827,S3,Menikah,Bekerja,30763585,Modal_Usaha,4,Ditolak
52,Perempuan,5052687,SMA,Menikah,Bekerja,28936516,Konsumtif,7,Ditolak
24,Laki_Laki,4332987,S2,Jomblo,Siswa,27685751,KPR,4,Ditolak
33,Laki_Laki,4699316,S2,Cerai,Tidak_Bekerja,11019028,Kendaraan,4,Disetujui
43,Laki_Laki,5159890,S3,Cerai,Bekerja,15067678,Konsumtif,3,Disetujui
19,Laki_Laki,4203503,S1,Menikah,Siswa,16913166,KPR,6,Disetujui
18,Laki_Laki,5220237,S3,Cerai,Bekerja,9681252,Konsumtif,6,Ditolak
29,Perempuan,4990181,S2,Menikah,Bekerja,54221398,Kendaraan,4,Disetujui
22,Perempuan,5276244,S2,Menikah,Bekerja,49947640,Konsumtif,7,Ditolak
54,Perempuan,5111957,S1,Jomblo,Siswa,33827367,Modal_Usaha,6,Disetujui
49,Perempuan,5682070,S1,Jomblo,Tidak_Bekerja,2775847,Konsumtif,6,Ditolak
26,Laki_Laki,5062612,S1,Jomblo,Tidak_Bekerja,26174323,KPR,6,Ditolak
58,Laki_Laki,4785297,S3,Menikah,Tidak_Bekerja,39351098,Konsumtif,2,Disetujui
52,Laki_Laki,5061148,S1,Cerai,Bekerja,26695907,KPR,4,Disetujui
36,Laki_Laki,5271649,S2,Jomblo,Siswa,60835352,Kendaraan,2,Disetujui
33,Perempuan,5024430,S2,Cerai,Bekerja,42181628,Konsumtif,4,Disetujui
20,Laki_Laki,5020295,SMA,Jomblo,Tidak_Bekerja,31138174,Kendaraan,4,Ditolak
37,Laki_Laki,4649004,S3,Jomblo,Tidak_Bekerja,53598469,Kendaraan,3,Disetujui
41,Perempuan,4668549,SMA,Menikah,Siswa,6608096,Konsumtif,5,Ditolak
50,Perempuan,4298697,S2,Jomblo,Bekerja,5486068,KPR,6,Disetujui
41,Perempuan,5874788,SMA,Jomblo,Tidak_Bekerja,30029823,Kendaraan,4,Disetujui
28,Perempuan,4378068,S2,Menikah,Siswa,65556456,Kendaraan,4,Disetujui
25,Laki_Laki,4653547,SMA,Cerai,Bekerja,1567970,Konsumtif,2,Disetujui
53,Laki_Laki,4640796,S1,Jomblo,Bekerja,13428655,Konsumtif,9,Disetujui
55,Perempuan,5447462,SMA,Menikah,Tidak_Bekerja,2713263,Konsumtif,9,Ditolak
57,Laki_Laki,4852525,S1,Jomblo,Tidak_Bekerja,36575419,Konsumtif,8,Disetujui
37,Laki_Laki,5623871,S1,Menikah,Bekerja,36932736,Konsumtif,6,Ditolak
52,Laki_Laki,4663254,S3,Cerai,Bekerja,5422491,Modal_Usaha,8,Disetujui
42,Perempuan,5139497,S1,Cerai,Tidak_Bekerja,3749825,Konsumtif,4,Ditolak
52,Laki_Laki,4582326,S1,Menikah,Bekerja,37288633,KPR,7,Disetujui
42,Perempuan,6072574,SMA,Menikah,Tidak_Bekerja,1307309,Kendaraan,6,Disetujui
46,Laki_Laki,4406200,S2,Menikah,Bekerja,32772711,KPR,6,Disetujui
35,Laki_Laki,5154910,S3,Cerai,Tidak_Bekerja,21142655,KPR,7,Ditolak
63,Laki_Laki,5316888,S1,Jomblo,Siswa,38761582,Modal_Usaha,2,Ditolak
35,Perempuan,5206899,S3,Cerai,Tidak_Bekerja,20257150,Konsumtif,7,Disetujui
19,Laki_Laki,4907356,SMA,Menikah,Tidak_Bekerja,7342629,Kendaraan,6,Disetujui
52,Perempuan,4935089,S1,Menikah,Siswa,13926804,KPR,6,Disetujui
33,Perempuan,5021905,SMA,Cerai,Bekerja,28602838,Konsumtif,6,Ditolak
58,Perempuan,4926498,S3,Menikah,Siswa,13240022,Konsumtif,5,Disetujui
53,Laki_Laki,5481939,SMA,Cerai,Tidak_Bekerja,5749906,Modal_Usaha,7,Ditolak
50,Laki_Laki,6105261,S3,Menikah,Bekerja,27782978,Modal_Usaha,5,Disetujui
21,Laki_Laki,4721254,SMA,Jomblo,Siswa,10132262,Modal_Usaha,9,Ditolak
50,Laki_Laki,4315098,S3,Jomblo,Bekerja,6122642,Kendaraan,6,Ditolak
31,Perempuan,4955858,S2,Menikah,Bekerja,8218765,KPR,5,Ditolak
38,Perempuan,6289854,SMA,Cerai,Siswa,62363417,Modal_Usaha,3,Disetujui
37,Perempuan,4598162,SMA,Jomblo,Bekerja,42291626,Modal_Usaha,10,Ditolak
25,Laki_Laki,5819558,S2,Cerai,Siswa,5737303,Modal_Usaha,3,Disetujui
24,Perempuan,5838850,S2,Menikah,Tidak_Bekerja,58218506,KPR,4,Ditolak
20,Laki_Laki,4723205,SMA,Cerai,Bekerja,74048888,KPR,4,Disetujui
34,Perempuan,5284491,S2,Jomblo,Tidak_Bekerja,47241769,Modal_Usaha,5,Ditolak
50,Laki_Laki,5814198,S1,Cerai,Tidak_Bekerja,469461,Modal_Usaha,8,Ditolak
29,Laki_Laki,4810436,S3,Cerai,Bekerja,15274924,Konsumtif,2,Disetujui
39,Perempuan,4898209,S3,Menikah,Siswa,22095736,Modal_Usaha,12,Disetujui
39,Perempuan,4709159,S3,Menikah,Bekerja,16069804,Kendaraan,4,Ditolak
63,Perempuan,4492621,S1,Menikah,Tidak_Bekerja,26262697,Kendaraan,2,Ditolak
47,Perempuan,4675361,S2,Jomblo,Tidak_Bekerja,15188608,Modal_Usaha,3,Disetujui
55,Laki_Laki,4388029,S2,Jomblo,Siswa,42933160,KPR,1,Ditolak
55,Perempuan,5017041,SMA,Menikah,Bekerja,4203863,Konsumtif,8,Ditolak
62,Perempuan,4615013,S2,Menikah,Tidak_Bekerja,30422972,KPR,8,Disetujui
25,Perempuan,5116892,SMA,Jomblo,Tidak_Bekerja,13908177,Modal_Usaha,6,Disetujui
44,Laki_Laki,4222052,S1,Jomblo,Tidak_Bekerja,89444319,Kendaraan,3,Disetujui
44,Laki_Laki,5165440,S3,Jomblo,Siswa,30865700,Konsumtif,5,Ditolak
51,Perempuan,5416764,S3,Jomblo,Tidak_Bekerja,96526968,KPR,5,Ditolak
38,Laki_Laki,4003132,S3,Menikah,Tidak_Bekerja,34828059,KPR,5,Ditolak
47,Perempuan,5187028,S2,Jomblo,Bekerja,6843930,Modal_Usaha,3,Disetujui
50,Laki_Laki,5613834,SMA,Menikah,Bekerja,34881423,Konsumtif,9,Ditolak
45,Laki_Laki,4395179,SMA,Cerai,Tidak_Bekerja,37017334,Kendaraan,6,Disetujui
64,Laki_Laki,5836286,S1,Cerai,Tidak_Bekerja,21199724,Modal_Usaha,7,Disetujui
50,Laki_Laki,5209509,S2,Jomblo,Bekerja,28911774,Konsumtif,5,Ditolak
22,Perempuan,4647494,S1,Cerai,Siswa,32851813,KPR,4,Disetujui
36,Perempuan,4972115,SMA,Cerai,Siswa,19810430,Modal_Usaha,4,Ditolak
21,Perempuan,5279163,SMA,Cerai,Siswa,21945752,KPR,3,Disetujui
52,Laki_Laki,5038002,S3,Jomblo,Siswa,13826509,KPR,11,Disetujui
34,Perempuan,5269377,S2,Jomblo,Siswa,13826271,Modal_Usaha,4,Disetujui
61,Perempuan,4539663,SMA,Cerai,Siswa,3304864,Modal_Usaha,6,Ditolak
45,Perempuan,5084680,S3,Menikah,Siswa,19267116,Modal_Usaha,8,Disetujui
47,Laki_Laki,4293142,S2,Cerai,Siswa,33259426,Modal_Usaha,4,Ditolak
46,Laki_Laki,4944386,S1,Jomblo,Bekerja,18491344,Modal_Usaha,10,Disetujui
63,Laki_Laki,4548046,S2,Jomblo,Siswa,15067869,KPR,4,Disetujui
23,Perempuan,4632235,S2,Jomblo,Siswa,2260320,Kendaraan,6,Disetujui
52,Perempuan,5618046,SMA,Cerai,Siswa,1346843,Kendaraan,6,Ditolak
58,Perempuan,5545655,SMA,Menikah,Tidak_Bekerja,15239934,Modal_Usaha,5,Ditolak
54,Laki_Laki,5304569,S2,Jomblo,Bekerja,38012208,KPR,4,Ditolak
41,Laki_Laki,4453843,SMA,Jomblo,Bekerja,11104786,Kendaraan,7,Ditolak
46,Perempuan,4841795,SMA,Cerai,Bekerja,16281714,Kendaraan,3,Ditolak
63,Laki_Laki,5606548,SMA,Menikah,Siswa,59860311,Kendaraan,6,Disetujui
48,Laki_Laki,5070858,S3,Cerai,Siswa,32267,KPR,5,Disetujui
52,Laki_Laki,6159664,S3,Jomblo,Tidak_Bekerja,38821064,Modal_Usaha,2,Ditolak
50,Laki_Laki,5196658,S2,Menikah,Bekerja,27061270,Modal_Usaha,5,Ditolak
38,Perempuan,5096024,SMA,Menikah,Siswa,19344026,Modal_Usaha,1,Ditolak
49,Laki_Laki,4845441,S3,Jomblo,Bekerja,22910453,Konsumtif,3,Ditolak
40,Laki_Laki,5066770,S2,Menikah,Tidak_Bekerja,7152802,Konsumtif,6,Disetujui
50,Laki_Laki,4923765,SMA,Menikah,Tidak_Bekerja,11043279,Konsumtif,6,Ditolak
20,Laki_Laki,5354054,S1,Cerai,Tidak_Bekerja,6443418,KPR,12,Ditolak
35,Perempuan,5478351,SMA,Jomblo,Bekerja,11243713,Kendaraan,3,Ditolak
42,Perempuan,4607005,SMA,Jomblo,Siswa,7556779,Kendaraan,4,Ditolak
59,Laki_Laki,4334383,S3,Jomblo,Siswa,40169652,KPR,3,Disetujui
48,Laki_Laki,4081897,S2,Jomblo,Tidak_Bekerja,40984922,KPR,4,Disetujui
20,Laki_Laki,5253995,S2,Jomblo,Siswa,24431598,Modal_Usaha,0,Ditolak
57,Laki_Laki,4448316,S3,Menikah,Tidak_Bekerja,20097601,Modal_Usaha,7,Disetujui
63,Laki_Laki,3923554,SMA,Cerai,Bekerja,17380478,Konsumtif,7,Disetujui
41,Laki_Laki,5194289,S1,Jomblo,Tidak_Bekerja,40734968,Konsumtif,3,Ditolak
49,Perempuan,6246499,SMA,Cerai,Bekerja,1416292,KPR,4,Ditolak
64,Laki_Laki,4996964,SMA,Cerai,Tidak_Bekerja,17663015,Konsumtif,6,Disetujui
39,Perempuan,5419245,S1,Menikah,Siswa,41496256,Kendaraan,4,Disetujui
40,Perempuan,5040914,S3,Jomblo,Siswa,2459506,KPR,3,Disetujui
19,Laki_Laki,4950555,S2,Menikah,Tidak_Bekerja,35672092,KPR,4,Disetujui
44,Perempuan,5459538,S3,Jomblo,Siswa,30174852,Kendaraan,7,Disetujui
59,Perempuan,4854862,S3,Menikah,Siswa,14792301,Modal_Usaha,5,Ditolak
19,Perempuan,5133696,SMA,Cerai,Siswa,10325512,Modal_Usaha,4,Disetujui
43,Perempuan,5160848,S2,Jomblo,Bekerja,6670390,Kendaraan,11,Disetujui
34,Perempuan,4665954,S2,Cerai,Siswa,8530324,Kendaraan,2,Disetujui
57,Perempuan,5496021,S3,Cerai,Bekerja,27415868,Konsumtif,4,Disetujui
50,Laki_Laki,4912520,S1,Menikah,Tidak_Bekerja,21580099,KPR,5,Disetujui
26,Perempuan,4622127,S3,Jomblo,Siswa,8512097,Konsumtif,4,Disetujui
60,Perempuan,5268254,S1,Cerai,Siswa,28378873,Kendaraan,4,Disetujui
56,Perempuan,4550766,S2,Menikah,Siswa,33833137,Konsumtif,1,Disetujui
46,Laki_Laki,5014090,S3,Jomblo,Tidak_Bekerja,46757762,Kendaraan,2,Ditolak
59,Perempuan,4995440,SMA,Jomblo,Bekerja,14004602,Konsumtif,9,Ditolak
43,Laki_Laki,5542947,S3,Cerai,Bekerja,48058630,Konsumtif,6,Disetujui
52,Perempuan,5237349,S2,Jomblo,Siswa,19273235,Modal_Usaha,7,Ditolak
42,Laki_Laki,4987486,SMA,Cerai,Tidak_Bekerja,37268794,Kendaraan,6,Ditolak
41,Laki_Laki,5408883,SMA,Jomblo,Tidak_Bekerja,23781712,Konsumtif,4,Ditolak
30,Perempuan,5695103,S1,Menikah,Tidak_Bekerja,16992779,KPR,10,Ditolak
24,Perempuan,5278905,SMA,Cerai,Tidak_Bekerja,23341967,Konsumtif,3,Ditolak
53,Laki_Laki,5005176,SMA,Cerai,Tidak_Bekerja,18822166,Konsumtif,9,Ditolak
62,Perempuan,4344081,S3,Jomblo,Bekerja,25902404,KPR,0,Disetujui
37,Laki_Laki,4467443,S2,Jomblo,Bekerja,61294845,Kendaraan,8,Disetujui
18,Laki_Laki,4847387,S1,Cerai,Bekerja,4938334,Modal_Usaha,7,Ditolak
25,Laki_Laki,4695243,S3,Jomblo,Siswa,4510197,Modal_Usaha,1,Disetujui
63,Laki_Laki,4906514,SMA,Menikah,Tidak_Bekerja,23069284,Modal_Usaha,3,Ditolak
33,Laki_Laki,5028324,SMA,Jomblo,Siswa,34453349,KPR,4,Disetujui
31,Perempuan,5264846,S1,Menikah,Tidak_Bekerja,7350433,Konsumtif,4,Disetujui
29,Laki_Laki,4964750,S2,Menikah,Bekerja,247637,Kendaraan,5,Disetujui
40,Laki_Laki,5243250,S1,Menikah,Siswa,10052030,Konsumtif,8,Ditolak
32,Perempuan,5032237,S3,Menikah,Bekerja,12614618,Modal_Usaha,8,Disetujui
45,Laki_Laki,4012266,S1,Menikah,Tidak_Bekerja,84683832,Konsumtif,4,Disetujui
51,Perempuan,4530332,SMA,Jomblo,Tidak_Bekerja,157399,KPR,1,Ditolak
19,Perempuan,4927956,S3,Menikah,Tidak_Bekerja,57398203,KPR,7,Ditolak
49,Perempuan,4395152,SMA,Jomblo,Bekerja,59260726,Kendaraan,3,Disetujui
40,Laki_Laki,5299964,S2,Menikah,Tidak_Bekerja,32608728,Kendaraan,2,Ditolak
39,Laki_Laki,5765375,SMA,Cerai,Bekerja,2946210,Modal_Usaha,7,Disetujui
42,Laki_Laki,5609380,SMA,Menikah,Siswa,30844170,Kendaraan,2,Disetujui
39,Perempuan,4893278,S1,Cerai,Tidak_Bekerja,24338316,Konsumtif,8,Ditolak
39,Laki_Laki,5745363,SMA,Menikah,Tidak_Bekerja,40564362,KPR,6,Ditolak
59,Perempuan,5074333,S3,Menikah,Tidak_Bekerja,62430623,KPR,4,Disetujui
23,Laki_Laki,4831457,S3,Menikah,Siswa,18498738,KPR,6,Ditolak
32,Perempuan,4693298,S2,Cerai,Tidak_Bekerja,2694208,Kendaraan,5,Disetujui
60,Laki_Laki,4848765,S3,Cerai,Bekerja,18315937,KPR,3,Ditolak
54,Laki_Laki,4805911,S1,Menikah,Bekerja,9004339,KPR,9,Ditolak
50,Laki_Laki,5085208,S2,Jomblo,Tidak_Bekerja,29931626,KPR,5,Ditolak
25,Perempuan,5080286,S3,Menikah,Tidak_Bekerja,10379143,Modal_Usaha,5,Ditolak
61,Perempuan,5001523,S1,Cerai,Siswa,14728135,Modal_Usaha,6,Ditolak
61,Laki_Laki,5218469,S3,Menikah,Siswa,33909875,Kendaraan,5,Disetujui
22,Laki_Laki,5595323,S3,Cerai,Siswa,23522163,KPR,4,Disetujui
56,Perempuan,5474777,SMA,Cerai,Tidak_Bekerja,20500335,Kendaraan,3,Disetujui
21,Perempuan,4257551,S3,Cerai,Siswa,9586620,KPR,2,Ditolak
23,Perempuan,3723039,S3,Menikah,Siswa,48790698,KPR,6,Disetujui
62,Laki_Laki,5467159,S1,Cerai,Bekerja,10434705,KPR,3,Disetujui
49,Perempuan,4316560,S1,Cerai,Siswa,81405704,Kendaraan,4,Ditolak
47,Laki_Laki,4887617,SMA,Menikah,Bekerja,14834985,Kendaraan,6,Ditolak
64,Perempuan,4414943,S3,Cerai,Bekerja,60000435,KPR,4,Ditolak
52,Laki_Laki,4099009,SMA,Menikah,Siswa,61336266,Konsumtif,7,Disetujui
57,Perempuan,5270731,S3,Cerai,Bekerja,28718498,Kendaraan,9,Disetujui
33,Perempuan,5379577,S2,Jomblo,Tidak_Bekerja,49014824,Modal_Usaha,10,Ditolak
30,Perempuan,4711744,S2,Jomblo,Tidak_Bekerja,13514843,Kendaraan,7,Disetujui
59,Perempuan,3704478,SMA,Cerai,Siswa,73029363,KPR,6,Disetujui
47,Perempuan,4726877,SMA,Jomblo,Tidak_Bekerja,59889968,Konsumtif,5,Ditolak
36,Laki_Laki,5195902,SMA,Menikah,Bekerja,16316402,KPR,4,Disetujui
34,Perempuan,4260544,S1,Jomblo,Tidak_Bekerja,26183618,Modal_Usaha,2,Ditolak
36,Perempuan,5091679,S1,Cerai,Siswa,36835906,Kendaraan,3,Disetujui
45,Perempuan,4992345,S1,Cerai,Siswa,66699846,Kendaraan,4,Ditolak
43,Laki_Laki,5289645,SMA,Menikah,Bekerja,30464079,KPR,10,Disetujui
54,Perempuan,5059790,S3,Cerai,Siswa,15637949,KPR,2,Disetujui
43,Laki_Laki,4513465,S2,Menikah,Tidak_Bekerja,30169035,Modal_Usaha,1,Ditolak
40,Perempuan,5598285,SMA,Jomblo,Siswa,26120808,Konsumtif,4,Ditolak
26,Perempuan,4920735,S1,Jomblo,Bekerja,37732305,Modal_Usaha,9,Ditolak
29,Laki_Laki,4986347,S1,Menikah,Siswa,37100698,Konsumtif,6,Ditolak
18,Perempuan,4533366,SMA,Menikah,Tidak_Bekerja,19475603,Kendaraan,10,Disetujui
18,Laki_Laki,4778358,SMA,Cerai,Bekerja,23813215,Konsumtif,6,Ditolak
64,Laki_Laki,4557598,S1,Jomblo,Tidak_Bekerja,7814584,Konsumtif,4,Ditolak
51,Perempuan,4913526,S3,Menikah,Bekerja,33524993,Kendaraan,4,Ditolak
49,Laki_Laki,5855854,S1,Jomblo,Siswa,67635028,Kendaraan,9,Ditolak
42,Perempuan,4314049,S1,Menikah,Bekerja,14146513,Kendaraan,5,Ditolak
57,Perempuan,4193219,SMA,Jomblo,Bekerja,30751632,Modal_Usaha,4,Disetujui
62,Laki_Laki,5735585,S3,Cerai,Siswa,58187942,Kendaraan,2,Ditolak
18,Laki_Laki,4895338,S1,Jomblo,Tidak_Bekerja,14846935,KPR,5,Ditolak
33,Laki_Laki,4665463,S1,Jomblo,Siswa,16653896,Kendaraan,4,Ditolak
56,Laki_Laki,5519952,S2,Jomblo,Bekerja,28473365,Kendaraan,5,Disetujui
22,Perempuan,4697192,SMA,Jomblo,Siswa,56049984,Kendaraan,2,Disetujui
39,Perempuan,5913004,S2,Jomblo,Bekerja,58951011,Konsumtif,6,Disetujui
46,Laki_Laki,5338962,S2,Cerai,Siswa,19990361,Modal_Usaha,5,Ditolak
20,Perempuan,4756044,S1,Menikah,Siswa,60349111,Kendaraan,4,Ditolak
29,Perempuan,6078654,SMA,Jomblo,Tidak_Bekerja,29455032,Modal_Usaha,4,Disetujui
43,Perempuan,4697142,S3,Cerai,Bekerja,1402956,KPR,2,Disetujui
33,Perempuan,5371047,S1,Jomblo,Tidak_Bekerja,11642490,KPR,4,Ditolak
54,Laki_Laki,5149646,S3,Jomblo,Bekerja,5565804,Kendaraan,6,Ditolak
39,Laki_Laki,5650870,S3,Menikah,Siswa,43386104,KPR,5,Ditolak
46,Perempuan,5780755,SMA,Jomblo,Bekerja,17154424,Modal_Usaha,7,Disetujui
31,Laki_Laki,5016002,S2,Cerai,Tidak_Bekerja,15179612,Konsumtif,1,Ditolak
45,Laki_Laki,4623291,SMA,Cerai,Tidak_Bekerja,50633232,Kendaraan,2,Ditolak
22,Laki_Laki,5229986,S3,Menikah,Tidak_Bekerja,32865717,KPR,5,Disetujui
64,Perempuan,4661142,S1,Jomblo,Bekerja,16656505,Modal_Usaha,6,Disetujui
47,Perempuan,6006693,S3,Cerai,Tidak_Bekerja,36202579,Modal_Usaha,8,Disetujui
63,Perempuan,5068267,S1,Jomblo,Tidak_Bekerja,17569537,KPR,5,Ditolak
22,Laki_Laki,4817339,S1,Jomblo,Tidak_Bekerja,441177,Modal_Usaha,9,Disetujui
29,Perempuan,5092340,SMA,Jomblo,Siswa,42467137,Modal_Usaha,1,Disetujui
33,Perempuan,4326436,S3,Menikah,Siswa,31620684,Kendaraan,3,Ditolak
43,Laki_Laki,4514192,S2,Jomblo,Bekerja,7614179,Modal_Usaha,5,Ditolak
43,Perempuan,5600206,S3,Cerai,Bekerja,13368189,KPR,4,Disetujui
38,Perempuan,4671552,S3,Jomblo,Tidak_Bekerja,547098,Kendaraan,2,Ditolak
56,Laki_Laki,4476544,S2,Cerai,Siswa,66267143,KPR,4,Disetujui
53,Laki_Laki,5268326,SMA,Jomblo,Tidak_Bekerja,58572054,Konsumtif,2,Ditolak
50,Laki_Laki,5592852,S3,Cerai,Tidak_Bekerja,19048045,KPR,3,Ditolak
47,Perempuan,5359476,S3,Cerai,Siswa,34006760,KPR,9,Disetujui
54,Perempuan,5498023,S1,Jomblo,Siswa,41942942,Kendaraan,5,Disetujui
40,Perempuan,4621602,S3,Jomblo,Siswa,3420273,Modal_Usaha,2,Disetujui
27,Laki_Laki,4289094,S2,Cerai,Bekerja,17826930,KPR,6,Ditolak
22,Laki_Laki,5750666,S1,Menikah,Bekerja,42078383,Kendaraan,6,Disetujui
53,Perempuan,4838660,SMA,Jomblo,Tidak_Bekerja,28721525,Konsumtif,6,Ditolak
51,Perempuan,4874583,S1,Menikah,Bekerja,22880507,Kendaraan,4,Ditolak
48,Laki_Laki,5664097,S2,Jomblo,Siswa,10021303,Kendaraan,8,Disetujui
27,Laki_Laki,5278115,S2,Jomblo,Siswa,4736535,Modal_Usaha,5,Ditolak
36,Laki_Laki,5227943,S1,Jomblo,Bekerja,60147488,KPR,8,Ditolak
49,Laki_Laki,6082501,SMA,Jomblo,Tidak_Bekerja,62790915,Konsumtif,9,Disetujui
18,Perempuan,4678240,S1,Menikah,Tidak_Bekerja,5668215,Kendaraan,5,Ditolak
22,Laki_Laki,5463920,SMA,Jomblo,Bekerja,377489,KPR,6,Ditolak
62,Perempuan,5028506,S1,Cerai,Tidak_Bekerja,35206199,KPR,6,Disetujui
21,Perempuan,5134296,S2,Cerai,Tidak_Bekerja,9872230,Kendaraan,6,Disetujui
33,Perempuan,5764234,S3,Menikah,Tidak_Bekerja,68599097,KPR,6,Ditolak
41,Laki_Laki,5253917,S3,Jomblo,Siswa,6137939,Kendaraan,2,Ditolak
33,Laki_Laki,5269148,SMA,Cerai,Siswa,31862778,Kendaraan,2,Ditolak
19,Laki_Laki,5536253,SMA,Menikah,Bekerja,31924919,Kendaraan,6,Ditolak
45,Laki_Laki,4817523,SMA,Jomblo,Siswa,3043247,Konsumtif,8,Disetujui
49,Perempuan,4580395,S2,Cerai,Tidak_Bekerja,23873959,Kendaraan,6,Ditolak
44,Laki_Laki,4477595,S1,Cerai,Siswa,13175871,Modal_Usaha,8,Ditolak
37,Laki_Laki,4016821,S2,Menikah,Bekerja,34740020,KPR,5,Ditolak
41,Perempuan,6028103,S3,Jomblo,Siswa,8080156,Konsumtif,6,Ditolak
29,Laki_Laki,4448395,SMA,Jomblo,Tidak_Bekerja,42499656,KPR,8,Disetujui
52,Perempuan,4889373,S1,Cerai,Tidak_Bekerja,43662706,Konsumtif,2,Ditolak
50,Perempuan,4861593,S3,Cerai,Bekerja,18084478,Modal_Usaha,8,Disetujui
50,Perempuan,5153703,S3,Cerai,Siswa,25198120,Konsumtif,2,Disetujui
60,Perempuan,5407868,S3,Jomblo,Siswa,23525705,Konsumtif,8,Disetujui
54,Perempuan,5430236,S2,Menikah,Siswa,39912595,Konsumtif,3,Disetujui
29,Perempuan,4708461,SMA,Menikah,Tidak_Bekerja,41473762,KPR,9,Disetujui
20,Perempuan,4916439,S3,Jomblo,Bekerja,6997015,Kendaraan,7,Ditolak
18,Perempuan,5141289,SMA,Menikah,Siswa,11651638,KPR,7,Disetujui
50,Laki_Laki,4875654,S2,Cerai,Tidak_Bekerja,745476,Kendaraan,4,Disetujui
57,Laki_Laki,5803672,S3,Menikah,Tidak_Bekerja,58677745,KPR,8,Disetujui
27,Laki_Laki,5245487,S2,Menikah,Tidak_Bekerja,50304706,Modal_Usaha,3,Ditolak
60,Laki_Laki,5367438,S2,Menikah,Siswa,44370037,Modal_Usaha,5,Disetujui
61,Perempuan,5331440,SMA,Cerai,Siswa,77764813,Konsumtif,3,Ditolak
46,Laki_Laki,5586736,S3,Jomblo,Siswa,10349201,Modal_Usaha,4,Disetujui
30,Perempuan,5090510,S2,Cerai,Siswa,73073100,Konsumtif,2,Disetujui
29,Laki_Laki,4351584,S3,Jomblo,Siswa,2313712,Kendaraan,2,Ditolak
48,Laki_Laki,5199843,SMA,Jomblo,Siswa,227501,Modal_Usaha,5,Ditolak
63,Laki_Laki,4674321,S2,Jomblo,Siswa,2580168,Kendaraan,9,Ditolak
19,Perempuan,4735691,SMA,Menikah,Siswa,2023689,KPR,6,Disetujui
52,Laki_Laki,5293182,S3,Menikah,Siswa,85731896,Kendaraan,5,Ditolak
40,Perempuan,5619141,S3,Jomblo,Tidak_Bekerja,7709104,KPR,1,Ditolak
34,Perempuan,5010635,SMA,Jomblo,Siswa,931107,Kendaraan,6,Ditolak
43,Laki_Laki,5154416,S1,Menikah,Bekerja,12310322,Kendaraan,6,Ditolak
25,Laki_Laki,5851107,S2,Cerai,Tidak_Bekerja,19020055,Modal_Usaha,3,Ditolak
46,Laki_Laki,5120376,S3,Jomblo,Siswa,57913616,Kendaraan,4,Disetujui
43,Perempuan,6300841,S3,Cerai,Bekerja,34132425,Modal_Usaha,4,Ditolak
27,Laki_Laki,5282754,S2,Menikah,Siswa,8420258,Modal_Usaha,4,Disetujui
43,Perempuan,4119618,SMA,Jomblo,Bekerja,38099809,Konsumtif,5,Ditolak
51,Perempuan,5376670,SMA,Cerai,Bekerja,11270563,Konsumtif,7,Ditolak
58,Laki_Laki,5190579,SMA,Cerai,Bekerja,26476455,KPR,7,Disetujui
24,Laki_Laki,5644876,S1,Cerai,Bekerja,55994923,Kendaraan,5,Disetujui
21,Perempuan,5336590,S1,Menikah,Tidak_Bekerja,40114046,KPR,13,Disetujui
62,Perempuan,4930772,S3,Menikah,Tidak_Bekerja,14124290,Kendaraan,8,Disetujui
28,Perempuan,4387850,SMA,Cerai,Bekerja,72680279,Konsumtif,2,Ditolak
46,Laki_Laki,4895488,S2,Cerai,Siswa,8850084,Konsumtif,3,Disetujui
53,Perempuan,4574739,S3,Menikah,Bekerja,6990710,Kendaraan,5,Ditolak
42,Laki_Laki,4709738,S2,Cerai,Tidak_Bekerja,9086790,Kendaraan,9,Ditolak
38,Perempuan,5294289,S3,Cerai,Siswa,6927347,Konsumtif,7,Ditolak
53,Perempuan,5834952,S1,Menikah,Tidak_Bekerja,22076319,Konsumtif,6,Disetujui
27,Laki_Laki,5197335,S3,Cerai,Tidak_Bekerja,37509494,KPR,7,Disetujui
54,Perempuan,4402058,S1,Cerai,Siswa,22516047,Konsumtif,5,Disetujui
26,Laki_Laki,5222301,S3,Cerai,Bekerja,9004213,Kendaraan,6,Ditolak
41,Laki_Laki,5598315,SMA,Menikah,Bekerja,67234263,KPR,4,Disetujui
52,Perempuan,4695108,S2,Cerai,Bekerja,7823730,Kendaraan,3,Disetujui
52,Laki_Laki,4932991,SMA,Menikah,Bekerja,2455322,Modal_Usaha,7,Ditolak
53,Laki_Laki,5007344,S3,Menikah,Siswa,42830193,KPR,6,Disetujui
35,Perempuan,4607550,S3,Jomblo,Siswa,22065779,Kendaraan,4,Ditolak
56,Laki_Laki,5324140,S3,Jomblo,Siswa,4734477,Konsumtif,5,Disetujui
49,Laki_Laki,4939525,S1,Cerai,Tidak_Bekerja,9221952,Modal_Usaha,5,Disetujui
41,Laki_Laki,5209766,S2,Menikah,Siswa,119731054,Kendaraan,3,Disetujui
40,Perempuan,4556253,S2,Jomblo,Bekerja,20853572,KPR,2,Disetujui
49,Laki_Laki,4781270,S3,Cerai,Tidak_Bekerja,42532887,Kendaraan,1,Disetujui
54,Perempuan,5361190,S3,Jomblo,Bekerja,20688365,Modal_Usaha,3,Ditolak
29,Perempuan,4813583,S1,Jomblo,Bekerja,7339561,KPR,2,Disetujui
30,Laki_Laki,5863481,SMA,Menikah,Siswa,73370376,Modal_Usaha,6,Disetujui
40,Laki_Laki,4800181,SMA,Menikah,Siswa,51907928,Kendaraan,4,Disetujui
42,Laki_Laki,5112342,S2,Jomblo,Bekerja,23728663,Konsumtif,4,Disetujui
52,Perempuan,5466295,S1,Jomblo,Bekerja,1447126,Konsumtif,7,Disetujui
58,Laki_Laki,4290817,S3,Menikah,Tidak_Bekerja,2978926,Kendaraan,4,Disetujui
47,Laki_Laki,4119595,S2,Cerai,Siswa,10283322,Kendaraan,3,Disetujui
34,Laki_Laki,4237171,S1,Menikah,Tidak_Bekerja,24705479,Kendaraan,4,Ditolak
37,Laki_Laki,5631292,SMA,Jomblo,Tidak_Bekerja,37715325,KPR,4,Ditolak
42,Laki_Laki,4724070,S1,Cerai,Tidak_Bekerja,26164936,Modal_Usaha,5,Disetujui
39,Perempuan,6279099,SMA,Jomblo,Bekerja,32082364,Modal_Usaha,6,Ditolak
30,Perempuan,4717876,S1,Cerai,Tidak_Bekerja,106939,Modal_Usaha,3,Disetujui
36,Laki_Laki,5092275,S2,Jomblo,Tidak_Bekerja,17669169,Kendaraan,4,Ditolak
53,Laki_Laki,5771054,SMA,Cerai,Bekerja,2961312,Modal_Usaha,3,Disetujui
29,Laki_Laki,6003046,S2,Cerai,Siswa,11819241,Kendaraan,2,Disetujui
58,Laki_Laki,6030751,S2,Jomblo,Siswa,60011873,KPR,0,Ditolak
36,Perempuan,5604183,SMA,Cerai,Tidak_Bekerja,13645218,Konsumtif,5,Disetujui
29,Laki_Laki,5512031,SMA,Menikah,Bekerja,25223630,Kendaraan,4,Ditolak
26,Perempuan,5296263,S3,Jomblo,Siswa,35072620,Kendaraan,7,Disetujui
24,Perempuan,5389180,S3,Menikah,Tidak_Bekerja,14021226,Konsumtif,1,Disetujui
45,Laki_Laki,4724407,S3,Jomblo,Tidak_Bekerja,17218982,Konsumtif,3,Disetujui
31,Perempuan,4590900,S2,Cerai,Bekerja,22598755,KPR,5,Disetujui
48,Perempuan,4998312,S2,Cerai,Tidak_Bekerja,16883450,Modal_Usaha,5,Ditolak
36,Perempuan,4914907,S3,Cerai,Siswa,18434442,Kendaraan,7,Disetujui
64,Perempuan,4773385,S2,Jomblo,Bekerja,28163752,Modal_Usaha,2,Ditolak
33,Laki_Laki,5348193,S2,Menikah,Siswa,12126719,Kendaraan,4,Ditolak
22,Laki_Laki,5477652,SMA,Menikah,Siswa,16880946,KPR,4,Disetujui
52,Perempuan,5044203,SMA,Jomblo,Siswa,27402965,Konsumtif,4,Disetujui
29,Laki_Laki,5738765,S2,Jomblo,Tidak_Bekerja,26303693,KPR,6,Ditolak
42,Laki_Laki,4429155,S3,Menikah,Tidak_Bekerja,10848979,Konsumtif,8,Ditolak
38,Laki_Laki,4903170,S1,Menikah,Siswa,9165173,Modal_Usaha,6,Disetujui
53,Laki_Laki,4641588,S3,Menikah,Siswa,26414250,Modal_Usaha,5,Ditolak
40,Laki_Laki,4066731,S1,Menikah,Bekerja,15750660,KPR,3,Ditolak
33,Perempuan,4958659,S3,Jomblo,Bekerja,26986802,Konsumtif,2,Ditolak
56,Laki_Laki,4939126,SMA,Jomblo,Tidak_Bekerja,19030708,KPR,7,Disetujui
62,Laki_Laki,5756724,S2,Cerai,Tidak_Bekerja,19975991,Konsumtif,3,Ditolak
59,Laki_Laki,5315405,S2,Menikah,Bekerja,16593902,Konsumtif,6,Ditolak
56,Laki_Laki,4487906,SMA,Cerai,Siswa,20969457,Modal_Usaha,2,Ditolak
31,Perempuan,5927046,S1,Jomblo,Tidak_Bekerja,8780033,Modal_Usaha,7,Ditolak
48,Perempuan,5610516,S1,Jomblo,Siswa,6418509,Konsumtif,4,Disetujui
22,Perempuan,5291048,S1,Cerai,Bekerja,20252597,Konsumtif,9,Disetujui
52,Perempuan,4886757,SMA,Menikah,Tidak_Bekerja,3469969,Konsumtif,9,Ditolak
40,Laki_Laki,4520280,S1,Menikah,Tidak_Bekerja,9637539,Modal_Usaha,3,Ditolak
46,Perempuan,4813896,SMA,Menikah,Bekerja,6335664,Modal_Usaha,10,Ditolak
60,Laki_Laki,5544374,S3,Menikah,Tidak_Bekerja,34546636,Kendaraan,8,Disetujui
28,Laki_Laki,5942293,S3,Cerai,Bekerja,10657640,Konsumtif,3,Disetujui
35,Laki_Laki,5771621,SMA,Cerai,Tidak_Bekerja,2518763,Kendaraan,6,Ditolak
64,Laki_Laki,4755575,S2,Jomblo,Bekerja,34505161,Konsumtif,5,Ditolak
29,Laki_Laki,4440191,S3,Menikah,Tidak_Bekerja,27842947,Modal_Usaha,4,Disetujui
26,Perempuan,5070443,S1,Menikah,Siswa,35086632,Kendaraan,1,Ditolak
27,Perempuan,4115780,SMA,Menikah,Siswa,12170566,Kendaraan,3,Ditolak
61,Perempuan,5161583,S1,Cerai,Siswa,14246523,KPR,5,Disetujui
34,Perempuan,4926198,S1,Menikah,Tidak_Bekerja,62691394,Konsumtif,5,Disetujui
55,Laki_Laki,4766981,S2,Cerai,Tidak_Bekerja,22867611,Modal_Usaha,7,Disetujui
24,Perempuan,4202648,S1,Menikah,Siswa,28326930,KPR,2,Disetujui
63,Laki_Laki,5256800,S2,Menikah,Siswa,548755,KPR,4,Disetujui
30,Perempuan,4733649,S3,Jomblo,Bekerja,18862894,Konsumtif,4,Ditolak
57,Laki_Laki,4415041,SMA,Menikah,Bekerja,35447728,KPR,4,Disetujui
59,Laki_Laki,3563868,S1,Menikah,Bekerja,14032009,Konsumtif,8,Disetujui
26,Perempuan,4986242,SMA,Jomblo,Siswa,32963477,KPR,9,Disetujui
44,Laki_Laki,5886125,S1,Cerai,Siswa,25337598,Konsumtif,6,Disetujui
19,Laki_Laki,5830629,SMA,Cerai,Siswa,2355635,Modal_Usaha,3,Disetujui
22,Perempuan,4771451,S1,Menikah,Bekerja,34340869,Konsumtif,5,Disetujui
46,Laki_Laki,4698893,S1,Cerai,Tidak_Bekerja,14148943,Konsumtif,5,Ditolak
54,Perempuan,5234387,S1,Menikah,Siswa,5126628,Kendaraan,4,Disetujui
55,Perempuan,4500807,S1,Jomblo,Tidak_Bekerja,4515180,Modal_Usaha,3,Ditolak
36,Perempuan,5150895,S1,Jomblo,Tidak_Bekerja,3662530,Modal_Usaha,2,Ditolak
25,Laki_Laki,5383040,S1,Menikah,Tidak_Bekerja,25513278,Modal_Usaha,3,Disetujui
62,Laki_Laki,5613466,S1,Jomblo,Bekerja,47700574,KPR,3,Disetujui
18,Laki_Laki,4949922,S1,Jomblo,Tidak_Bekerja,7040732,Kendaraan,6,Ditolak
39,Perempuan,4898163,S1,Menikah,Siswa,14970821,Modal_Usaha,6,Ditolak
34,Laki_Laki,4561008,SMA,Menikah,Bekerja,35880449,KPR,2,Ditolak
24,Perempuan,4586559,S2,Jomblo,Siswa,69079036,KPR,2,Disetujui
42,Perempuan,4886760,S1,Cerai,Siswa,31044906,KPR,3,Ditolak
62,Laki_Laki,5183682,S2,Cerai,Bekerja,33808260,Kendaraan,10,Disetujui
21,Perempuan,5456792,S1,Menikah,Siswa,45791157,KPR,1,Disetujui
53,Laki_Laki,4598410,S1,Menikah,Siswa,5528820,Kendaraan,4,Ditolak
23,Laki_Laki,5746344,SMA,Cerai,Bekerja,340224,Konsumtif,3,Disetujui
48,Laki_Laki,4864438,S3,Jomblo,Siswa,5231693,KPR,8,Disetujui
36,Laki_Laki,4989316,S3,Cerai,Tidak_Bekerja,2496728,Modal_Usaha,1,Ditolak
61,Laki_Laki,4626394,SMA,Cerai,Siswa,43593710,KPR,8,Ditolak
56,Perempuan,3787879,S2,Cerai,Tidak_Bekerja,9204542,Konsumtif,8,Disetujui
44,Perempuan,5442022,S3,Cerai,Siswa,21342123,Konsumtif,5,Ditolak
27,Perempuan,5368421,SMA,Menikah,Bekerja,3260204,KPR,9,Disetujui
43,Laki_Laki,4859336,SMA,Menikah,Bekerja,49625437,Konsumtif,5,Ditolak
36,Laki_Laki,5033495,S3,Jomblo,Siswa,47142166,Kendaraan,10,Ditolak
56,Laki_Laki,5257969,S2,Jomblo,Bekerja,26615725,Kendaraan,9,Ditolak
20,Perempuan,4218727,SMA,Jomblo,Siswa,21391315,KPR,4,Ditolak
62,Laki_Laki,4735473,S1,Jomblo,Bekerja,62518322,Kendaraan,5,Disetujui
30,Perempuan,5397132,S2,Cerai,Tidak_Bekerja,3246994,Kendaraan,7,Ditolak
45,Perempuan,4372855,S2,Menikah,Siswa,15271124,Modal_Usaha,8,Disetujui
37,Laki_Laki,5146778,S3,Menikah,Tidak_Bekerja,40019881,KPR,4,Disetujui
45,Laki_Laki,4321709,S3,Jomblo,Tidak_Bekerja,19710953,Konsumtif,2,Ditolak
25,Perempuan,5233214,S1,Jomblo,Siswa,48706414,KPR,8,Ditolak
58,Laki_Laki,4982179,SMA,Cerai,Tidak_Bekerja,28710532,Kendaraan,7,Ditolak
56,Perempuan,4192434,S3,Cerai,Siswa,46350054,Modal_Usaha,5,Ditolak
18,Laki_Laki,5582369,S3,Jomblo,Tidak_Bekerja,36453723,KPR,9,Ditolak
20,Laki_Laki,4632704,S2,Menikah,Siswa,1354835,KPR,8,Disetujui
30,Perempuan,4594873,S3,Menikah,Siswa,22383482,Kendaraan,6,Ditolak
45,Laki_Laki,5100284,S3,Menikah,Bekerja,15580401,Kendaraan,6,Disetujui
42,Perempuan,5574318,S3,Jomblo,Siswa,41817770,KPR,5,Disetujui
50,Laki_Laki,4492089,S3,Menikah,Siswa,44799800,Kendaraan,4,Disetujui
55,Perempuan,5030839,S2,Cerai,Tidak_Bekerja,14230224,Kendaraan,9,Disetujui
23,Perempuan,5214408,S1,Cerai,Siswa,45989260,Kendaraan,2,Ditolak
61,Laki_Laki,5346552,S1,Jomblo,Bekerja,11778826,Kendaraan,8,Ditolak
62,Perempuan,5088220,SMA,Cerai,Tidak_Bekerja,24270190,Kendaraan,5,Disetujui
49,Laki_Laki,4816486,S3,Jomblo,Tidak_Bekerja,40225221,Modal_Usaha,4,Disetujui
62,Laki_Laki,4586204,S2,Menikah,Bekerja,9449308,Kendaraan,5,Ditolak
64,Laki_Laki,5043071,SMA,Menikah,Tidak_Bekerja,14729690,Konsumtif,3,Disetujui
38,Perempuan,4463930,SMA,Menikah,Tidak_Bekerja,18504072,KPR,8,Ditolak
33,Perempuan,3539324,S1,Cerai,Tidak_Bekerja,4039446,Modal_Usaha,7,Disetujui
38,Laki_Laki,5218279,S2,Jomblo,Tidak_Bekerja,15491806,Modal_Usaha,4,Ditolak
28,Laki_Laki,5451967,S2,Menikah,Bekerja,28073001,Kendaraan,2,Disetujui
54,Perempuan,3818533,S2,Jomblo,Bekerja,21909376,KPR,3,Disetujui
53,Laki_Laki,4495134,S1,Menikah,Tidak_Bekerja,10834486,Konsumtif,2,Disetujui
52,Laki_Laki,5309577,S1,Cerai,Tidak_Bekerja,18649659,Kendaraan,7,Ditolak
36,Perempuan,6028747,S1,Cerai,Bekerja,11102746,KPR,5,Ditolak
37,Laki_Laki,5010396,S1,Jomblo,Bekerja,20836647,Kendaraan,6,Ditolak
35,Perempuan,4635998,S1,Cerai,Bekerja,16716214,Kendaraan,2,Disetujui
64,Laki_Laki,4908551,S3,Cerai,Tidak_Bekerja,16759956,Kendaraan,6,Disetujui
58,Perempuan,5687438,S3,Jomblo,Tidak_Bekerja,60129751,Kendaraan,3,Disetujui
31,Laki_Laki,4677017,S2,Menikah,Siswa,22710507,Kendaraan,3,Disetujui
32,Laki_Laki,4600403,SMA,Cerai,Bekerja,33518927,Kendaraan,3,Disetujui
48,Perempuan,4758628,S2,Jomblo,Tidak_Bekerja,2438472,Kendaraan,6,Disetujui
18,Laki_Laki,4523335,SMA,Cerai,Bekerja,38320184,Konsumtif,5,Ditolak
20,Perempuan,5061335,S1,Cerai,Tidak_Bekerja,3870575,Modal_Usaha,8,Ditolak
33,Laki_Laki,5812339,SMA,Cerai,Bekerja,22343449,Konsumtif,4,Ditolak
40,Perempuan,5161539,S2,Cerai,Tidak_Bekerja,31141006,Kendaraan,5,Disetujui
28,Perempuan,4873823,S2,Jomblo,Siswa,14987023,Kendaraan,5,Ditolak
29,Perempuan,4854094,SMA,Jomblo,Siswa,19261407,Konsumtif,7,Disetujui
27,Perempuan,4218404,S3,Jomblo,Bekerja,38081069,Konsumtif,6,Disetujui
49,Laki_Laki,5441554,S1,Cerai,Tidak_Bekerja,36276293,Modal_Usaha,1,Ditolak
33,Laki_Laki,4961081,S1,Cerai,Tidak_Bekerja,3998821,Konsumtif,2,Disetujui
25,Perempuan,4909760,S2,Cerai,Bekerja,71487247,Modal_Usaha,7,Disetujui
55,Perempuan,6596553,S3,Jomblo,Tidak_Bekerja,1423651,Kendaraan,9,Disetujui
29,Perempuan,5149376,SMA,Cerai,Bekerja,38360567,KPR,10,Disetujui
41,Laki_Laki,4624104,S1,Menikah,Tidak_Bekerja,13373539,KPR,7,Disetujui
45,Laki_Laki,4786821,S3,Cerai,Bekerja,21324230,KPR,7,Ditolak
25,Laki_Laki,5574222,S1,Menikah,Tidak_Bekerja,21388063,KPR,2,Ditolak
45,Laki_Laki,5056635,S3,Cerai,Bekerja,27060890,Kendaraan,5,Disetujui
53,Perempuan,4280861,S3,Jomblo,Tidak_Bekerja,6176420,KPR,5,Disetujui
43,Perempuan,5459614,S2,Cerai,Siswa,19436565,Konsumtif,7,Ditolak
25,Perempuan,4665927,S1,Menikah,Tidak_Bekerja,14159376,Konsumtif,5,Ditolak
45,Laki_Laki,5936648,SMA,Menikah,Bekerja,9620685,KPR,6,Ditolak
45,Laki_Laki,5540024,S2,Cerai,Siswa,13780015,Konsumtif,4,Disetujui
54,Laki_Laki,4776339,S2,Menikah,Tidak_Bekerja,1115002,Modal_Usaha,11,Ditolak
58,Perempuan,5640508,SMA,Menikah,Siswa,38112561,Kendaraan,5,Ditolak
53,Perempuan,5033927,S2,Jomblo,Tidak_Bekerja,1905146,KPR,6,Disetujui
44,Laki_Laki,5426386,S3,Cerai,Siswa,24062493,KPR,3,Disetujui
34,Perempuan,5242366,S3,Cerai,Bekerja,5891950,Kendaraan,1,Ditolak
26,Laki_Laki,4576821,S1,Cerai,Tidak_Bekerja,21744651,Konsumtif,5,Disetujui
50,Laki_Laki,4678225,S1,Menikah,Tidak_Bekerja,7603490,Kendaraan,5,Ditolak
37,Perempuan,5514980,SMA,Cerai,Bekerja,39830082,Kendaraan,5,Ditolak
30,Laki_Laki,4832612,S1,Cerai,Siswa,66689536,Konsumtif,6,Disetujui
45,Perempuan,4798175,S3,Jomblo,Bekerja,14243215,Kendaraan,1,Disetujui
46,Laki_Laki,4522438,SMA,Jomblo,Bekerja,50466410,Konsumtif,11,Ditolak
30,Perempuan,5211799,SMA,Jomblo,Siswa,54930955,Konsumtif,1,Disetujui
63,Perempuan,6031262,S1,Menikah,Bekerja,3045214,Kendaraan,5,Disetujui
52,Perempuan,4466233,S3,Cerai,Tidak_Bekerja,29785944,Modal_Usaha,6,Disetujui
23,Laki_Laki,5012109,SMA,Jomblo,Tidak_Bekerja,50994185,Konsumtif,5,Disetujui
35,Laki_Laki,5706110,S3,Jomblo,Tidak_Bekerja,8444044,Kendaraan,5,Disetujui
22,Perempuan,4960179,S3,Jomblo,Bekerja,5230913,Konsumtif,3,Disetujui
64,Perempuan,5226185,S3,Cerai,Tidak_Bekerja,16785639,Modal_Usaha,5,Disetujui
42,Laki_Laki,4468803,S1,Cerai,Tidak_Bekerja,27496624,Modal_Usaha,2,Ditolak
19,Laki_Laki,5214153,S2,Cerai,Tidak_Bekerja,26915895,KPR,7,Disetujui
27,Laki_Laki,4906427,S2,Menikah,Tidak_Bekerja,30096143,Konsumtif,6,Ditolak
47,Perempuan,5492864,SMA,Menikah,Tidak_Bekerja,16046320,Konsumtif,5,Disetujui
62,Laki_Laki,5593693,S3,Jomblo,Tidak_Bekerja,12921373,Kendaraan,4,Ditolak
22,Laki_Laki,6294781,S1,Cerai,Bekerja,21949964,Konsumtif,4,Disetujui
50,Perempuan,5289816,S3,Jomblo,Tidak_Bekerja,32967459,KPR,6,Ditolak
18,Laki_Laki,5162898,S3,Cerai,Tidak_Bekerja,6816355,Modal_Usaha,11,Disetujui
35,Laki_Laki,5097192,S1,Cerai,Siswa,20175606,Modal_Usaha,6,Ditolak
49,Laki_Laki,4823416,S2,Cerai,Bekerja,41279290,KPR,4,Disetujui
64,Perempuan,5169241,S3,Menikah,Bekerja,29540350,Konsumtif,0,Disetujui
28,Perempuan,4852299,S3,Menikah,Bekerja,29571915,Konsumtif,5,Ditolak
38,Perempuan,5084230,S2,Cerai,Bekerja,39517680,KPR,3,Ditolak
43,Perempuan,5658798,S1,Jomblo,Tidak_Bekerja,21822151,Kendaraan,2,Disetujui
42,Perempuan,4496728,SMA,Cerai,Tidak_Bekerja,18830235,Modal_Usaha,4,Ditolak
39,Perempuan,5569939,S2,Cerai,Siswa,59959271,KPR,5,Ditolak
44,Perempuan,5658557,SMA,Jomblo,Siswa,28574079,KPR,8,Disetujui
30,Laki_Laki,4940965,SMA,Cerai,Bekerja,36213159,Konsumtif,2,Ditolak
50,Laki_Laki,3939072,S2,Jomblo,Siswa,1070722,Modal_Usaha,4,Disetujui
51,Perempuan,4696089,S3,Menikah,Siswa,87132104,Konsumtif,9,Ditolak
58,Laki_Laki,5648497,SMA,Menikah,Bekerja,1423832,KPR,2,Disetujui
52,Laki_Laki,4988565,SMA,Jomblo,Bekerja,6269250,Kendaraan,5,Ditolak
18,Perempuan,4500348,S1,Menikah,Siswa,22766073,Modal_Usaha,6,Disetujui
38,Laki_Laki,4747612,S3,Menikah,Tidak_Bekerja,3732744,KPR,6,Disetujui
23,Laki_Laki,5420310,SMA,Jomblo,Siswa,12753888,KPR,6,Ditolak
45,Laki_Laki,5273366,S1,Menikah,Siswa,19108303,Kendaraan,5,Ditolak
34,Laki_Laki,4880533,S3,Cerai,Tidak_Bekerja,53746134,KPR,5,Disetujui
22,Laki_Laki,4816587,S2,Cerai,Tidak_Bekerja,24903848,KPR,5,Disetujui
48,Perempuan,4804120,S2,Jomblo,Bekerja,16692626,Modal_Usaha,5,Ditolak
22,Perempuan,4538794,S1,Menikah,Bekerja,41685524,Modal_Usaha,2,Ditolak
55,Perempuan,5807687,S2,Cerai,Siswa,43134849,Modal_Usaha,2,Ditolak
20,Laki_Laki,4838839,SMA,Cerai,Tidak_Bekerja,8049572,Konsumtif,7,Ditolak
40,Perempuan,5608579,S3,Menikah,Bekerja,3814455,Kendaraan,4,Ditolak
54,Laki_Laki,5760658,SMA,Menikah,Siswa,2005805,Modal_Usaha,5,Ditolak
54,Laki_Laki,5499155,SMA,Cerai,Tidak_Bekerja,36050562,Konsumtif,2,Disetujui
27,Laki_Laki,4784189,S2,Cerai,Siswa,26125521,Konsumtif,4,Ditolak
27,Laki_Laki,5201865,SMA,Jomblo,Bekerja,11155109,Kendaraan,6,Ditolak
36,Perempuan,4987902,S2,Jomblo,Bekerja,53217552,Kendaraan,3,Ditolak
34,Perempuan,4548149,S3,Cerai,Tidak_Bekerja,14696152,KPR,6,Ditolak
38,Laki_Laki,5162179,S3,Jomblo,Siswa,42660896,Konsumtif,3,Disetujui
31,Perempuan,4410480,SMA,Cerai,Tidak_Bekerja,44777024,Modal_Usaha,9,Disetujui
26,Laki_Laki,5593839,S1,Cerai,Bekerja,11412150,Kendaraan,0,Disetujui
63,Perempuan,4767691,S2,Jomblo,Bekerja,55125847,Konsumtif,2,Disetujui
18,Perempuan,5100579,S2,Jomblo,Siswa,5377029,Modal_Usaha,3,Ditolak
62,Laki_Laki,5141643,SMA,Menikah,Siswa,63576133,Konsumtif,9,Disetujui
30,Perempuan,4870547,S2,Menikah,Siswa,18911673,Kendaraan,4,Ditolak
21,Laki_Laki,5293346,S2,Menikah,Tidak_Bekerja,30801991,KPR,7,Ditolak
18,Perempuan,4762548,S1,Cerai,Siswa,7325002,Konsumtif,6,Disetujui
57,Laki_Laki,5435648,S1,Jomblo,Siswa,3296712,Modal_Usaha,9,Disetujui
49,Laki_Laki,4327010,SMA,Cerai,Bekerja,46020337,Kendaraan,4,Ditolak
51,Perempuan,5063189,S1,Jomblo,Bekerja,33842176,KPR,7,Disetujui
45,Perempuan,5969464,SMA,Cerai,Siswa,42390436,Modal_Usaha,3,Disetujui
48,Laki_Laki,4499834,S3,Menikah,Siswa,18525868,Modal_Usaha,5,Ditolak
25,Perempuan,4661127,SMA,Menikah,Bekerja,4634346,Modal_Usaha,4,Ditolak
56,Perempuan,5256953,S3,Menikah,Siswa,587761,Konsumtif,2,Ditolak
43,Laki_Laki,5089790,SMA,Cerai,Tidak_Bekerja,22604598,Kendaraan,1,Ditolak
51,Laki_Laki,5175315,S2,Jomblo,Tidak_Bekerja,6330907,Modal_Usaha,2,Ditolak
20,Perempuan,5244593,S1,Jomblo,Tidak_Bekerja,37940227,Konsumtif,5,Disetujui
29,Laki_Laki,5317360,S3,Menikah,Siswa,12139729,Kendaraan,5,Ditolak
18,Laki_Laki,5554849,SMA,Menikah,Bekerja,66482691,Kendaraan,5,Ditolak
61,Laki_Laki,5204909,S1,Menikah,Siswa,23281608,Konsumtif,8,Ditolak
22,Perempuan,4879371,SMA,Menikah,Siswa,39890529,Konsumtif,6,Disetujui
47,Perempuan,5336286,S1,Jomblo,Bekerja,24561849,Modal_Usaha,3,Ditolak
47,Laki_Laki,5949940,S1,Cerai,Bekerja,22261808,Kendaraan,3,Ditolak
34,Perempuan,4933683,SMA,Cerai,Bekerja,64898790,KPR,5,Disetujui
64,Laki_Laki,4512735,S3,Cerai,Tidak_Bekerja,13361991,Konsumtif,3,Ditolak
40,Perempuan,5553540,S3,Cerai,Siswa,44248865,Kendaraan,2,Ditolak
32,Laki_Laki,4939809,S2,Menikah,Bekerja,3264649,Kendaraan,6,Ditolak
54,Laki_Laki,3913665,S1,Menikah,Siswa,9461071,Modal_Usaha,6,Disetujui
38,Perempuan,5423710,S2,Menikah,Tidak_Bekerja,3861361,KPR,6,Disetujui
31,Laki_Laki,4732335,S2,Cerai,Tidak_Bekerja,1613612,Modal_Usaha,6,Ditolak
19,Perempuan,4954733,SMA,Menikah,Bekerja,5568338,KPR,7,Ditolak
28,Perempuan,5165990,SMA,Menikah,Bekerja,38920453,KPR,2,Ditolak
56,Laki_Laki,5095249,SMA,Jomblo,Siswa,73595,Konsumtif,7,Disetujui
55,Laki_Laki,5354725,S1,Jomblo,Bekerja,50134193,Kendaraan,4,Disetujui
51,Perempuan,4782256,SMA,Menikah,Siswa,18910701,Kendaraan,5,Disetujui
55,Laki_Laki,5256552,SMA,Jomblo,Bekerja,21983998,Kendaraan,5,Disetujui
51,Laki_Laki,4870226,S1,Jomblo,Siswa,11836371,KPR,5,Disetujui
35,Laki_Laki,5369405,S1,Menikah,Siswa,13335494,Kendaraan,4,Disetujui
47,Laki_Laki,5307683,S3,Menikah,Siswa,21323941,Konsumtif,4,Ditolak
32,Laki_Laki,4532280,SMA,Menikah,Siswa,6587842,KPR,3,Disetujui
44,Perempuan,5542991,SMA,Menikah,Tidak_Bekerja,12155924,KPR,3,Ditolak
51,Perempuan,4732018,SMA,Cerai,Siswa,526543,KPR,7,Disetujui
55,Laki_Laki,5404028,S3,Cerai,Bekerja,28273884,KPR,5,Ditolak
50,Laki_Laki,5183643,SMA,Menikah,Tidak_Bekerja,7858243,Konsumtif,4,Disetujui
41,Laki_Laki,5919091,S3,Jomblo,Tidak_Bekerja,31737909,Kendaraan,9,Ditolak
32,Perempuan,4888267,S2,Menikah,Siswa,25451638,Konsumtif,5,Ditolak
47,Laki_Laki,4825341,S3,Menikah,Tidak_Bekerja,42327263,Kendaraan,5,Ditolak
59,Perempuan,4990290,S2,Jomblo,Siswa,17557760,Konsumtif,6,Disetujui
34,Perempuan,4848410,SMA,Cerai,Bekerja,16783085,Modal_Usaha,6,Disetujui
22,Perempuan,5399970,S2,Menikah,Siswa,51764920,Modal_Usaha,6,Disetujui
46,Laki_Laki,4191844,S3,Menikah,Tidak_Bekerja,19788093,Modal_Usaha,4,Ditolak
21,Perempuan,4473158,S1,Cerai,Bekerja,36888518,Modal_Usaha,3,Ditolak
27,Laki_Laki,4466098,S2,Cerai,Siswa,10635044,KPR,4,Ditolak
34,Perempuan,5475153,S2,Jomblo,Bekerja,8018350,KPR,5,Disetujui
27,Laki_Laki,5855306,SMA,Cerai,Bekerja,54875347,Konsumtif,2,Disetujui
34,Perempuan,4947775,S3,Cerai,Tidak_Bekerja,39183231,Konsumtif,6,Ditolak
37,Laki_Laki,4915589,S2,Cerai,Bekerja,13535759,Modal_Usaha,0,Disetujui
41,Perempuan,5035026,S2,Jomblo,Tidak_Bekerja,4010007,Kendaraan,9,Disetujui
22,Laki_Laki,5580939,S2,Cerai,Bekerja,41215241,Modal_Usaha,3,Disetujui
51,Laki_Laki,4536323,S2,Cerai,Siswa,19737026,Konsumtif,10,Disetujui
23,Laki_Laki,5119184,S1,Jomblo,Bekerja,6216880,Modal_Usaha,4,Ditolak
19,Laki_Laki,5487598,S3,Cerai,Siswa,26618681,Konsumtif,4,Disetujui
30,Perempuan,5250547,SMA,Cerai,Siswa,35734565,Modal_Usaha,7,Disetujui
60,Perempuan,5094790,SMA,Jomblo,Bekerja,46987632,Kendaraan,5,Ditolak
60,Laki_Laki,5500523,S1,Menikah,Siswa,20109787,Modal_Usaha,4,Ditolak
28,Perempuan,3648383,S3,Jomblo,Bekerja,21390813,Kendaraan,10,Disetujui
64,Laki_Laki,5338937,S2,Cerai,Bekerja,54479406,Kendaraan,5,Disetujui
40,Laki_Laki,4672962,S1,Cerai,Siswa,14740995,Konsumtif,7,Disetujui
33,Perempuan,4084683,S3,Cerai,Siswa,50004654,Kendaraan,3,Disetujui
48,Laki_Laki,5255601,S2,Jomblo,Tidak_Bekerja,64704744,KPR,4,Ditolak
28,Laki_Laki,5686829,S1,Cerai,Siswa,2862977,KPR,3,Ditolak
33,Perempuan,4931275,S3,Cerai,Tidak_Bekerja,33828777,KPR,2,Ditolak
25,Laki_Laki,5476437,SMA,Jomblo,Siswa,9452407,Konsumtif,3,Disetujui
21,Laki_Laki,5806139,SMA,Menikah,Bekerja,44134174,KPR,6,Disetujui
57,Laki_Laki,5657457,S3,Menikah,Siswa,7730395,Konsumtif,7,Ditolak
21,Laki_Laki,5819982,SMA,Cerai,Bekerja,27673718,Konsumtif,5,Disetujui
42,Perempuan,5371063,S3,Jomblo,Bekerja,15056749,KPR,3,Ditolak
20,Perempuan,5037716,S2,Cerai,Bekerja,31300097,Kendaraan,3,Ditolak
49,Perempuan,4199017,S3,Jomblo,Tidak_Bekerja,64540329,Modal_Usaha,7,Ditolak
20,Laki_Laki,4876968,S2,Jomblo,Siswa,27693444,Konsumtif,3,Ditolak
44,Laki_Laki,4578376,S1,Menikah,Bekerja,14407488,KPR,4,Ditolak
46,Perempuan,6085471,S3,Menikah,Bekerja,67851206,Konsumtif,7,Ditolak
49,Laki_Laki,4912057,S1,Jomblo,Tidak_Bekerja,20486563,Kendaraan,4,Ditolak
36,Laki_Laki,5061602,SMA,Cerai,Siswa,13788424,Kendaraan,2,Disetujui
38,Laki_Laki,5275742,S2,Menikah,Siswa,30623958,KPR,3,Ditolak
22,Laki_Laki,5021801,S3,Cerai,Tidak_Bekerja,23423666,Konsumtif,2,Ditolak
35,Perempuan,5847525,S1,Menikah,Tidak_Bekerja,762929,Modal_Usaha,8,Disetujui
45,Perempuan,4688675,S2,Menikah,Siswa,5527581,Modal_Usaha,6,Ditolak
59,Perempuan,5097303,S2,Cerai,Tidak_Bekerja,1052215,Konsumtif,12,Disetujui
39,Laki_Laki,4628764,SMA,Menikah,Siswa,5956680,Konsumtif,4,Ditolak
38,Perempuan,4339988,SMA,Menikah,Siswa,2027205,Konsumtif,3,Disetujui
23,Perempuan,4694115,S2,Cerai,Bekerja,15283898,KPR,1,Disetujui
18,Laki_Laki,4981481,S2,Menikah,Bekerja,21584640,Kendaraan,6,Disetujui
22,Laki_Laki,4785348,S3,Menikah,Siswa,19336039,Modal_Usaha,2,Ditolak
58,Perempuan,4653789,S2,Menikah,Siswa,20356053,KPR,4,Disetujui
29,Perempuan,4296841,S3,Cerai,Siswa,8128919,Konsumtif,4,Ditolak
43,Perempuan,4958447,S2,Jomblo,Siswa,4670102,Konsumtif,5,Ditolak
63,Perempuan,4247639,SMA,Cerai,Siswa,53260173,Kendaraan,4,Ditolak
51,Laki_Laki,5380027,S3,Jomblo,Siswa,12022176,Konsumtif,5,Ditolak
31,Perempuan,5041219,S1,Menikah,Tidak_Bekerja,47913005,KPR,7,Ditolak
43,Perempuan,4271224,SMA,Jomblo,Siswa,19892479,KPR,6,Ditolak
62,Laki_Laki,4845395,S3,Cerai,Tidak_Bekerja,27675335,Kendaraan,4,Ditolak
44,Perempuan,4623921,S3,Cerai,Tidak_Bekerja,12041091,KPR,5,Disetujui
26,Laki_Laki,5159587,S1,Menikah,Siswa,6684557,Modal_Usaha,3,Ditolak
43,Laki_Laki,5670225,S3,Jomblo,Siswa,2357175,KPR,1,Ditolak
64,Laki_Laki,4062413,S2,Menikah,Tidak_Bekerja,4237969,KPR,4,Disetujui
39,Perempuan,5057513,S1,Menikah,Tidak_Bekerja,4088139,KPR,5,Ditolak
64,Perempuan,4919933,SMA,Cerai,Siswa,46518252,Modal_Usaha,6,Disetujui
47,Laki_Laki,5335670,SMA,Jomblo,Siswa,11362335,Konsumtif,4,Disetujui
60,Perempuan,5106598,S2,Jomblo,Tidak_Bekerja,16751661,KPR,5,Ditolak
34,Perempuan,4624015,SMA,Jomblo,Tidak_Bekerja,3714798,Kendaraan,7,Ditolak
43,Laki_Laki,4840473,S3,Jomblo,Tidak_Bekerja,35708179,Modal_Usaha,5,Disetujui
53,Laki_Laki,4601987,S3,Menikah,Bekerja,20651688,Kendaraan,5,Ditolak
18,Perempuan,5538003,S2,Menikah,Tidak_Bekerja,732140,KPR,9,Disetujui
25,Laki_Laki,5010655,SMA,Cerai,Bekerja,37528516,Kendaraan,3,Disetujui
52,Perempuan,5950595,SMA,Menikah,Siswa,16488893,KPR,5,Ditolak
32,Perempuan,4969669,S2,Menikah,Siswa,27270385,Modal_Usaha,3,Disetujui
64,Perempuan,4645796,S1,Cerai,Tidak_Bekerja,19365435,Kendaraan,5,Ditolak
39,Perempuan,4243142,SMA,Cerai,Siswa,1138161,Kendaraan,4,Ditolak
31,Laki_Laki,4098430,S1,Cerai,Siswa,26114815,KPR,3,Disetujui
43,Laki_Laki,4207932,SMA,Menikah,Siswa,37127841,KPR,7,Disetujui
45,Laki_Laki,5133563,SMA,Menikah,Siswa,9465565,Konsumtif,5,Ditolak
40,Laki_Laki,5254362,SMA,Cerai,Bekerja,21307268,KPR,3,Ditolak
31,Perempuan,4209404,SMA,Cerai,Bekerja,43150553,KPR,3,Ditolak
41,Perempuan,5447519,S3,Cerai,Tidak_Bekerja,75573394,Konsumtif,6,Disetujui
19,Laki_Laki,4758469,S1,Menikah,Tidak_Bekerja,68759643,KPR,7,Ditolak
62,Perempuan,5073396,S1,Menikah,Tidak_Bekerja,14313084,KPR,7,Disetujui
43,Perempuan,5806110,SMA,Jomblo,Siswa,4526806,Konsumtif,4,Disetujui
31,Perempuan,5448419,SMA,Menikah,Siswa,37693668,Modal_Usaha,4,Disetujui
24,Laki_Laki,4865734,S1,Menikah,Bekerja,6307787,Modal_Usaha,1,Ditolak
20,Laki_Laki,4554403,S3,Menikah,Bekerja,12862858,KPR,4,Disetujui
64,Laki_Laki,3924092,S2,Cerai,Tidak_Bekerja,842018,KPR,3,Ditolak
40,Perempuan,4640423,S2,Menikah,Bekerja,2920199,Konsumtif,2,Disetujui
63,Laki_Laki,4894434,S1,Cerai,Bekerja,22378918,Konsumtif,6,Ditolak
60,Laki_Laki,4506410,SMA,Jomblo,Bekerja,8072048,Modal_Usaha,2,Ditolak
64,Laki_Laki,4934371,SMA,Jomblo,Bekerja,12553661,Kendaraan,6,Disetujui
62,Laki_Laki,5038425,S3,Cerai,Bekerja,57848603,KPR,6,Ditolak
35,Laki_Laki,4887572,S2,Cerai,Tidak_Bekerja,13664221,Kendaraan,6,Disetujui
55,Laki_Laki,4674998,S3,Cerai,Tidak_Bekerja,55502268,Kendaraan,6,Disetujui
52,Perempuan,5084327,S2,Menikah,Bekerja,46061698,Konsumtif,6,Disetujui
32,Perempuan,5220970,S1,Jomblo,Tidak_Bekerja,27761207,KPR,5,Disetujui
42,Laki_Laki,4454800,S2,Cerai,Siswa,624583,KPR,7,Disetujui
54,Laki_Laki,5705466,S3,Menikah,Bekerja,41215239,Konsumtif,7,Disetujui
45,Perempuan,4950705,S3,Jomblo,Siswa,2500752,Kendaraan,9,Disetujui
27,Perempuan,5009424,S3,Menikah,Tidak_Bekerja,9939710,Konsumtif,5,Ditolak
56,Laki_Laki,5354107,S1,Jomblo,Tidak_Bekerja,19905960,Modal_Usaha,4,Disetujui
34,Laki_Laki,5116608,S2,Menikah,Siswa,9838975,KPR,7,Disetujui
56,Laki_Laki,5476568,S2,Jomblo,Tidak_Bekerja,11608031,Modal_Usaha,5,Ditolak
39,Laki_Laki,5143562,S3,Jomblo,Bekerja,35812967,Konsumtif,5,Ditolak
43,Perempuan,4693781,S2,Menikah,Siswa,38773987,KPR,4,Disetujui
61,Laki_Laki,5180751,SMA,Cerai,Bekerja,27110263,Modal_Usaha,9,Disetujui
42,Laki_Laki,4428136,SMA,Jomblo,Siswa,41618329,Modal_Usaha,5,Disetujui
34,Laki_Laki,5054279,SMA,Cerai,Tidak_Bekerja,12403620,Kendaraan,6,Ditolak
30,Laki_Laki,4983385,S2,Menikah,Siswa,15371962,KPR,0,Disetujui
37,Perempuan,4895941,S1,Cerai,Siswa,23277170,Modal_Usaha,6,Ditolak
42,Perempuan,4935731,S1,Cerai,Bekerja,35553609,Modal_Usaha,8,Disetujui
21,Perempuan,4059075,S1,Cerai,Tidak_Bekerja,7322840,Kendaraan,4,Disetujui
27,Laki_Laki,4725637,S1,Cerai,Bekerja,26189637,Modal_Usaha,6,Ditolak
20,Laki_Laki,5046422,SMA,Cerai,Tidak_Bekerja,545354,Modal_Usaha,3,Disetujui
58,Perempuan,5079928,SMA,Jomblo,Bekerja,17674889,Modal_Usaha,3,Disetujui
62,Laki_Laki,4486162,S3,Jomblo,Siswa,4626556,Kendaraan,7,Disetujui
35,Laki_Laki,5632853,S2,Jomblo,Bekerja,37275890,Modal_Usaha,4,Ditolak
64,Perempuan,4566912,S2,Menikah,Tidak_Bekerja,13978571,Modal_Usaha,2,Disetujui
53,Perempuan,5484728,S1,Cerai,Tidak_Bekerja,24262347,KPR,1,Disetujui
64,Perempuan,5213597,SMA,Jomblo,Siswa,10867805,KPR,7,Ditolak
39,Perempuan,4676886,S1,Menikah,Tidak_Bekerja,33005779,Kendaraan,2,Ditolak
51,Laki_Laki,5887655,S3,Jomblo,Bekerja,53153335,Konsumtif,5,Disetujui
64,Laki_Laki,4403181,S2,Jomblo,Siswa,42512058,KPR,6,Disetujui
25,Perempuan,5459577,S2,Cerai,Tidak_Bekerja,19526734,Kendaraan,7,Ditolak
57,Laki_Laki,5500291,S1,Menikah,Tidak_Bekerja,30009547,Modal_Usaha,5,Disetujui
61,Perempuan,4664689,S3,Cerai,Bekerja,14352763,Modal_Usaha,5,Disetujui
36,Perempuan,5696232,S2,Cerai,Bekerja,15699518,Kendaraan,8,Ditolak
59,Laki_Laki,4874976,S3,Jomblo,Siswa,5736656,Modal_Usaha,5,Disetujui
58,Perempuan,5144346,S3,Cerai,Tidak_Bekerja,22804602,Modal_Usaha,6,Disetujui
54,Laki_Laki,5130160,S1,Menikah,Bekerja,24945584,Konsumtif,3,Ditolak
23,Laki_Laki,4932845,SMA,Cerai,Siswa,29387023,Modal_Usaha,9,Disetujui
43,Laki_Laki,5405404,S1,Cerai,Tidak_Bekerja,28249743,KPR,5,Disetujui
51,Laki_Laki,5396744,SMA,Cerai,Tidak_Bekerja,8542898,Modal_Usaha,5,Disetujui
62,Perempuan,4125734,S3,Jomblo,Siswa,5691717,Kendaraan,7,Ditolak
23,Laki_Laki,5652170,SMA,Menikah,Siswa,5049779,Konsumtif,4,Disetujui
54,Perempuan,4168754,S3,Jomblo,Bekerja,42480505,Modal_Usaha,6,Ditolak
50,Perempuan,5516273,S2,Jomblo,Tidak_Bekerja,44209402,Kendaraan,4,Ditolak
39,Perempuan,5563352,S2,Jomblo,Tidak_Bekerja,84966021,KPR,5,Disetujui
38,Perempuan,4454516,S2,Jomblo,Tidak_Bekerja,58081217,Modal_Usaha,6,Ditolak
23,Laki_Laki,4794592,S1,Jomblo,Siswa,17728871,Konsumtif,2,Disetujui
23,Laki_Laki,4447147,S1,Menikah,Bekerja,64420275,Modal_Usaha,9,Disetujui
21,Perempuan,4892539,S3,Cerai,Tidak_Bekerja,44021009,Kendaraan,2,Disetujui
47,Perempuan,4845982,S2,Jomblo,Siswa,63737951,Konsumtif,5,Ditolak
28,Laki_Laki,5389830,S1,Jomblo,Tidak_Bekerja,14420538,Modal_Usaha,5,Disetujui
47,Perempuan,5655154,S2,Menikah,Bekerja,15523983,KPR,2,Disetujui
48,Laki_Laki,5697841,S1,Menikah,Tidak_Bekerja,28393939,Konsumtif,5,Disetujui
41,Perempuan,4718915,SMA,Cerai,Bekerja,3534896,KPR,10,Ditolak
26,Laki_Laki,4895389,SMA,Menikah,Bekerja,62421290,Kendaraan,2,Ditolak
20,Perempuan,4158280,S2,Cerai,Tidak_Bekerja,8569505,Modal_Usaha,4,Disetujui
48,Perempuan,4597064,S3,Jomblo,Tidak_Bekerja,3334970,KPR,6,Disetujui
57,Laki_Laki,5482425,S1,Jomblo,Bekerja,22171575,Kendaraan,7,Disetujui
54,Perempuan,5807791,S1,Cerai,Siswa,4233471,Modal_Usaha,7,Disetujui
53,Perempuan,4382825,SMA,Menikah,Bekerja,20354534,Kendaraan,3,Ditolak
41,Laki_Laki,4703767,SMA,Cerai,Tidak_Bekerja,15492239,KPR,6,Ditolak
48,Perempuan,4986797,S3,Menikah,Tidak_Bekerja,7685420,Kendaraan,9,Ditolak
23,Laki_Laki,5140080,S3,Jomblo,Siswa,9232287,Konsumtif,6,Ditolak
19,Laki_Laki,4595198,S3,Menikah,Bekerja,44118999,Modal_Usaha,8,Ditolak
37,Perempuan,5212030,S2,Cerai,Bekerja,24458733,Kendaraan,7,Ditolak
45,Perempuan,4763080,SMA,Cerai,Bekerja,27013185,KPR,4,Ditolak
28,Perempuan,4992773,S2,Jomblo,Tidak_Bekerja,5057772,Modal_Usaha,3,Disetujui
21,Perempuan,5273142,SMA,Menikah,Bekerja,37782047,Konsumtif,10,Disetujui
32,Perempuan,5003211,SMA,Menikah,Siswa,34934403,Modal_Usaha,4,Disetujui
23,Perempuan,4781807,S1,Menikah,Tidak_Bekerja,28140522,Konsumtif,3,Disetujui
47,Perempuan,4945195,SMA,Jomblo,Tidak_Bekerja,1005596,Modal_Usaha,10,Disetujui
55,Laki_Laki,4955818,SMA,Menikah,Bekerja,18995702,Kendaraan,12,Disetujui
19,Perempuan,4814994,S2,Cerai,Siswa,70687698,Kendaraan,2,Ditolak
32,Laki_Laki,4870601,SMA,Menikah,Tidak_Bekerja,9983311,KPR,3,Disetujui
28,Perempuan,5799323,S2,Jomblo,Tidak_Bekerja,7042786,Konsumtif,2,Ditolak
25,Perempuan,5280459,S3,Menikah,Bekerja,13406387,KPR,8,Disetujui
43,Laki_Laki,4852259,SMA,Menikah,Bekerja,36434874,Kendaraan,3,Ditolak
62,Perempuan,5348477,SMA,Cerai,Siswa,8361686,Konsumtif,7,Ditolak
61,Perempuan,4833090,S2,Menikah,Bekerja,32695542,KPR,5,Disetujui
22,Laki_Laki,5586562,S3,Cerai,Siswa,9925605,KPR,6,Disetujui
23,Perempuan,5184821,S1,Cerai,Tidak_Bekerja,43485641,KPR,2,Disetujui
43,Perempuan,4946348,S3,Jomblo,Siswa,21276183,KPR,4,Disetujui
21,Perempuan,5223858,S2,Cerai,Siswa,17091897,KPR,9,Disetujui
36,Laki_Laki,4214561,S3,Cerai,Siswa,1569840,Konsumtif,7,Ditolak
37,Perempuan,4436616,S2,Jomblo,Tidak_Bekerja,4058005,KPR,4,Disetujui
50,Perempuan,4403037,S2,Cerai,Bekerja,636710,Konsumtif,3,Ditolak
37,Perempuan,5071471,S1,Jomblo,Tidak_Bekerja,88943212,KPR,1,Ditolak
29,Perempuan,5866257,SMA,Menikah,Bekerja,71897410,Kendaraan,5,Ditolak
64,Laki_Laki,6115650,S2,Jomblo,Siswa,18971652,Kendaraan,2,Disetujui
18,Laki_Laki,5319025,S2,Cerai,Siswa,22509162,KPR,7,Disetujui
43,Perempuan,5250422,S1,Jomblo,Siswa,2907034,Modal_Usaha,6,Disetujui
31,Perempuan,4099471,S2,Cerai,Siswa,21494766,Kendaraan,4,Disetujui
55,Laki_Laki,4728663,SMA,Menikah,Siswa,4537832,Konsumtif,6,Disetujui
54,Laki_Laki,4606108,S1,Jomblo,Bekerja,33133532,KPR,4,Disetujui
28,Perempuan,4689576,SMA,Menikah,Bekerja,49168802,Konsumtif,4,Ditolak
53,Laki_Laki,4915928,SMA,Cerai,Siswa,39871252,Modal_Usaha,5,Disetujui
30,Perempuan,4763954,S1,Cerai,Tidak_Bekerja,35293228,KPR,4,Ditolak
60,Laki_Laki,4010350,S2,Menikah,Tidak_Bekerja,1323169,Kendaraan,6,Ditolak
20,Laki_Laki,5373955,SMA,Jomblo,Siswa,34066026,Konsumtif,9,Disetujui
50,Laki_Laki,4463628,SMA,Jomblo,Bekerja,45065306,Kendaraan,4,Disetujui
23,Laki_Laki,5119623,SMA,Cerai,Tidak_Bekerja,2371531,Kendaraan,3,Disetujui
27,Perempuan,6037041,SMA,Menikah,Tidak_Bekerja,8586696,KPR,6,Disetujui
22,Laki_Laki,4540307,S1,Menikah,Tidak_Bekerja,24401508,Konsumtif,5,Disetujui
40,Laki_Laki,3734856,S1,Jomblo,Siswa,92984197,Modal_Usaha,6,Disetujui
27,Perempuan,4856997,S3,Jomblo,Tidak_Bekerja,18048248,Kendaraan,2,Ditolak
61,Laki_Laki,5550479,S3,Jomblo,Tidak_Bekerja,2851868,KPR,3,Ditolak
19,Laki_Laki,5979173,SMA,Menikah,Tidak_Bekerja,27231263,KPR,1,Ditolak
